city;city_ascii;latitude;longitude;country;country_iso2;country_iso3;admin_name;capital;population;places_city;place_name;map_reflink;map_nametag;photo_reference;latitude_google;longitude_google;google_place_id;google_place_rating;google_user_rating;place_types;google_place_vicinity
Chennai;Chennai;13.0825;80.2750;India;IN;IND;"Tamil Nādu";admin;12395000;;"HOTEL SARAVANA BHAVAN";https://maps.google.com/maps/contrib/113615179180815731213;"HOTEL SARAVANA BHAVAN";AcJnMuFsmAlX8utfPoAJsm-k6OHCj10aGsM5iKo9y6SWtQu-hParoFB0IiqAKpsQeJKapfcvE3vR5_fcIEP2tZNC1EzHaO4IeSGZDEZO7YiIN9hiGN7ksilds4hg3nPjDpJOcOjc9eHTAO_-LtKlOfI20AZNo8tTh8WLtEZpX4UwgdIFllHa;13.0768178;80.2620945;ChIJ-3RWKQlmUjoRhN1jfy02FEU;3.6;4547;"['restaurant' 'point_of_interest' 'food' 'establishment']";"Singapore Complex 21 Kennet Lane Egmore Chennai"
Chennai;Chennai;13.0825;80.2750;India;IN;IND;"Tamil Nādu";admin;12395000;;"Marina Inn";https://maps.google.com/maps/contrib/112852557389277568359;"chandrasekar swaminathan";AcJnMuERNP0XKXvcyjUleQXzagvLxkiV3wjw16U3ouB8t1vQ1UKalCvaUAXd9EeRwIIO0ztY197Mtl8qBzrRUY9Miaf8EfFnD3iEgZmrdyaGowg6Zzd_Aloykj5RL3H8G_QrIB5XnudK26W-mCpE3vDEd2HHR9Yd3PKcAk8ZGuAysw-0C7Pl;13.0753827;80.2591272;ChIJ34dKGgxmUjoRLoM50OfEEMo;3.8;1907;"['bar' 'lodging' 'restaurant' 'point_of_interest' 'food' 'establishment']";"55/31 Gandhi Irwin Road Egmore Chennai"
Chennai;Chennai;13.0825;80.2750;India;IN;IND;"Tamil Nādu";admin;12395000;;"Hotel Blue Diamond";https://maps.google.com/maps/contrib/103750351752994483318;Anup;AcJnMuGkiLK8T5pnmecPvYHIYkGa_PjCCqjz54q7nJ6_JmgnpGl94C969fzIrR0suVAnfjL1eydcqTk6Nu8noO_xu98SQdhtjuODUrde4q2VK-lvfNj29v4TYz-pKvnx9_2919fBgNBz1IhHtb-Oe61JORM9DX0mdXqplRxRJBXGQ3apES6V;13.0790264;80.2532858;ChIJZSDfI3VmUjoRCM1JBcRWYhU;4;588;"['bar' 'lodging' 'restaurant' 'point_of_interest' 'food' 'establishment']";"E.V.R.Periyar Salai 934 Poonamallee High Road Chennai"
Chennai;Chennai;13.0825;80.2750;India;IN;IND;"Tamil Nādu";admin;12395000;;"Hotel Saravana Bhavan";https://maps.google.com/maps/contrib/102390030469045694841;"Hotel Saravana Bhavan";AcJnMuELsCyl1zDXjRFOq1ZYQSAjUxROhCROSyhiu-IWdPgvpcB_BZXhyC0xCADaGnWnmpy7LcOChi1NBQpPWzRDPnSb-_zWicnZWjEkGCYXSqjFxAv7VWpX2-JWsUutdKvOLy7Pe5_blGaXPDtdeSsNAPdDEcJadh1CFhzX6ocEFR1FBTqg;13.0853492;80.25215639999999;ChIJm0fOW95lUjoR9z9D9wCIAAA;3.4;3372;"['restaurant' 'point_of_interest' 'food' 'establishment']";"No1 Vellala Street Purasaiwakkam Chennai"
Chennai;Chennai;13.0825;80.2750;India;IN;IND;"Tamil Nādu";admin;12395000;;"NAIR MESS";https://maps.google.com/maps/contrib/111450764555066659916;"Yabeejan Koya";AcJnMuH_DRggAj0LtTJ5N-Ha4lbL-MH4S8aF7E_31APNIl5faHQOa9HsahKLBhHklQAQ3l112Vh_xuMClZvN0abDUYrQiRQkazRh7olRBUmG96LLGETHJozvJr37xY7V4bSyw02y86vwWkzccEd1iIFU2KMwlRTDdS4OBaqdM7Mznyh44T-E;13.0647229;80.2772578;ChIJF2qyuaBoUjoRv5PhU-dsSC8;4.1;8158;"['restaurant' 'point_of_interest' 'food' 'establishment']";"NO:22 MOHAMMED ABDULLAH SAHIB 2nd Street Chepauk Chennai"
Chennai;Chennai;13.0825;80.2750;India;IN;IND;"Tamil Nādu";admin;12395000;;"Kings Hotel - Egmore";https://maps.google.com/maps/contrib/111039081399896134440;"Kings Hotel - Egmore";AcJnMuFEyl9iflvqoi8XSFsTUDeFD4qRhBrn2NlafWPkrerksx8m_HIRiqXNnGScQzjMhshmKwTXpeNEcwJTjicjam2zRTdapD8c4K0bs48ALGS6kADItIsnSscmxtZs605HkKabrWt4NGYXvhXdYFWgeY5DndCCYrKAuxDTaxF6ESgactk;13.0725053;80.25477839999999;ChIJudduh3ZmUjoR3cPhhtS_ZRQ;3.8;1501;"['lodging' 'restaurant' 'point_of_interest' 'food' 'establishment']";"Opposite Egmore Baby Hospital 32 Tamil Salai Egmore Chennai"
Chennai;Chennai;13.0825;80.2750;India;IN;IND;"Tamil Nādu";admin;12395000;;"Hot Chips Veg Restaurant";https://maps.google.com/maps/contrib/113861927216725884948;"Shashwat Saxena";AcJnMuFLg6KW2tllr4VwZSWgA70UwcPLEhawcLWmy3wQOKz7_b09F2ipI2xp0KPTLucevwqL4zw45hvRzj7hB_F_FbAflBFmboikw9QA2czf5wQIPcLzLgWmxCRRWBfW-LAZjjuOuzBLRgTenn-EUWKL-k_oz_d7qj5U0rVzb-N0ndJ4ao1E;13.0887379;80.2868447;ChIJcZxBO2pmUjoRbaWSxl-lkv0;3.7;2393;"['cafe' 'restaurant' 'store' 'point_of_interest' 'food' 'establishment']";"225 NSC Bose Road Parry's Corner George Town Chennai"
Chennai;Chennai;13.0825;80.2750;India;IN;IND;"Tamil Nādu";admin;12395000;;"Hotel Sangam";https://maps.google.com/maps/contrib/107391243324127795686;"Edison Robert";AcJnMuEGqNFFeX4olyJWXIYwTUbGgylBieEPP5IRnaaHwRiCyAG9ucWlAGBoxoo7a9rw7o1nV0Qrt9tG0K9AFSJA8CT1jhWR4im1-zVmP5IhVBEJLv-EbMFfHqFFb5qex6uESh_8Jh6S46MvyrLa_SECkEwRMrH0YN8XsR-h1JWjNy9Qbdpy;13.0661;80.2682262;ChIJmdm8NBpmUjoR--ao9D5H2ag;3.9;7514;"['restaurant' 'point_of_interest' 'food' 'establishment']";"Nakoda Towers No.9  Ground Floor Narasingapuram Street Mount Road Anna Salai Chennai"
Chennai;Chennai;13.0825;80.2750;India;IN;IND;"Tamil Nādu";admin;12395000;;"Salt and Pepper";https://maps.google.com/maps/contrib/100080602475104113376;"Amit Kumar";AcJnMuFZi3BS_ySeTsmED-OaZVIZDz2PAuCvkTzGcAzkMUrp5Hg_x4Wk31WPgq9oMVOxg-fbc5BGCh7n8A4Ygq2BFGIOhg32zram76K754n-ivtByk54Y_1Hr77m1TFK1bmDMAW8dtib51ljxzGg6XHkaC94tqjGrzc-knPdD1e8cgfAjaMw;13.067192;80.258528;ChIJcdkANRJmUjoR69jA2TUKS6E;4.1;17;"['restaurant' 'point_of_interest' 'food' 'establishment']";India
Chennai;Chennai;13.0825;80.2750;India;IN;IND;"Tamil Nādu";admin;12395000;;"Welcome Hotel";https://maps.google.com/maps/contrib/104710460928667700045;"Sarva M";AcJnMuF6Lon0MPsv4Hk2JYhbd44ktuDoSg9KZp5ggTvycOybQGOIcSQXflCWT75D_rj4cW59wxyW_h0q_Xk0Yq0UE7fs-kZC44iaIw0ZTdtLAURzT5WqkIVXY0Crpemm30A99IG_hVOq_A0EMJSCpz3vyz6UrjSIG4wFgaSvZKJht4Tip6nl;13.0858651;80.2546232;ChIJxWXToeBlUjoRRBipL6VAIsM;4.3;11405;"['restaurant' 'point_of_interest' 'food' 'establishment']";"241 Purasawalkam High Road Purasaiwakkam Chennai"
Chennai;Chennai;13.0825;80.2750;India;IN;IND;"Tamil Nādu";admin;12395000;;"New Central Hotel";https://maps.google.com/maps/contrib/105768545165081845122;"Mani Kandan";AcJnMuEhUQHVTcXp91pRfANfgWEVyf7vm2m-qjdWZIhhC1bYt51PLxzSF9fgP5bwA_YEA33jAUILsVxIbFLvrzhbBDQJ272b-YpfK752IXYo8dpNCNCxW52nvVZI2l4piDgdpj-npUutMljOf0jRdbCvxyet9ZoU0KwS1odALKLSOShJ42G9;13.0835751;80.2762034;ChIJp0mL_P9lUjoRV6xbvFmWabk;3;395;"['restaurant' 'point_of_interest' 'food' 'establishment']";"159/160 Wall Tax Road Park Town Chennai"
Chennai;Chennai;13.0825;80.2750;India;IN;IND;"Tamil Nādu";admin;12395000;;"Sri Hotel Andhra Bhavan";https://maps.google.com/maps/contrib/107641776181955428070;"Rabindra Barik";AcJnMuGvXdTioZEEaBYTWahBwMpXZ67hh9cog6dZJfByCZ7zcZarxHSzBYrN141UGzpLq9ppZot6Y02FqX_jwsC0wwkBJhzUtPE7EymM2CE-wVoT2wCtHEYwR3vU_loToaSdqVvsbt9z-rDVxCjqrHEXBumDyBPuGJfFnUA9wNaiBURfJ2-7;13.0809655;80.2698169;ChIJ21hoDAhmUjoRm8ZJwmG0SH0;3.8;559;"['restaurant' 'point_of_interest' 'food' 'establishment']";"1119 Near Rippon Building 38 Poonamallee High Road Periyamet Chennai"
Chennai;Chennai;13.0825;80.2750;India;IN;IND;"Tamil Nādu";admin;12395000;;"Hot Chips Vegetarian Restaurant";https://maps.google.com/maps/contrib/113691488767370165574;"Vairamuthu Chandrabose";AcJnMuFKAEA-oKqWZULl1FAVMlfKzJx4ecFSr5V53ObPE4m1PWMcnazQWvPayxSeFxk44AR-lC-JoL8e7bq24xT_xBRXwzsosbqvZmvMEfHBCJY4vARFs1yfJyj9e9rkGwc-SkENGDU_KNeMO_IMR01xJ6TnPWzeY4Lpb89GUFZPXytekqwv;13.077251;80.2615491;ChIJ_____wxmUjoRA3kCyhyt0Tw;3.5;272;"['restaurant' 'point_of_interest' 'food' 'establishment']";"Railway Station opp. Egmore 37 39 Gandhi Irwin Road Egmore Chennai"
Chennai;Chennai;13.0825;80.2750;India;IN;IND;"Tamil Nādu";admin;12395000;;Splendour;https://maps.google.com/maps/contrib/112760592473899755480;"A G S CHAIRS";AcJnMuHRKHjee78oNREis2S1RpMBWcYBMxY96yj8zswnJzGN-_YiXu7s-8klFDe17YfEJY_VJBjiND_EkpghSLJcgxz02zL3QhE6f1yZxTYn6-veAaOIoPiOUz2EbIu1FgEn1g96Trs69EzFdiw7lBKWQikiRsRw1XzFc_cmYspa8Vc85lt1;13.0676274;80.2590424;ChIJjUmuMxJmUjoRN7xK3phIAwk;3.8;23;"['restaurant' 'point_of_interest' 'food' 'establishment']";"3795+3J3 Red Cross Road Egmore Chennai"
Chennai;Chennai;13.0825;80.2750;India;IN;IND;"Tamil Nādu";admin;12395000;;"Hotel Zum Zum";https://maps.google.com/maps/contrib/100896375560101230642;"sooraj mangadan";AcJnMuEkwVw8sbhP3YO2ImPvzKnXkZGqKg77dTSzSBC5JR6EdhLACupwFw_M7bYvKH0fTNRywLcfeppzbslXRMSwNXzQ7LlzzU0FFe3wCyr_F5yYZwiEk_ZvfnNBtcoI3O202ri3jSva_YJYJkQQMplx4Of-yEyDNma68d4KxHqd3eMvcTJv;13.0939048;80.2912908;ChIJmUC-Yk9vUjoRH1PcP2vwPfI;3.7;1472;"['restaurant' 'point_of_interest' 'food' 'establishment']";"2nd Line Beach Parrys 17 Beach Road George Town Chennai"
Chennai;Chennai;13.0825;80.2750;India;IN;IND;"Tamil Nādu";admin;12395000;;"LINGAM HOT CHIPS";https://maps.google.com/maps/contrib/110775526407416152291;"LINGAM HOT CHIPS";AcJnMuF8LO0z2UspfIHobN57UM_dJObKi1dzVfDWmlSR76MZTHLSLwmtcv_qGE9SjSAJVmiQMYlj_w5agDC7_9rIzXzaK_s_A-sUD9jT_WLCRc_nSTozMuqHm6mnRe8tXruS7jh1aC9QMc4vynw5JBbsQUFwTmmsaC6zVJwP2Z1q22urKhOn;13.0849861;80.254693;ChIJt1B5ahBlUjoRRajP4jLeZdY;3.5;34;"['restaurant' 'store' 'point_of_interest' 'food' 'establishment']";"32 Gangadeeshwar Koil Street Purasaiwakkam Chennai"
Chennai;Chennai;13.0825;80.2750;India;IN;IND;"Tamil Nādu";admin;12395000;;"Domino's Pizza";https://maps.google.com/maps/contrib/114241828977747943541;"Neha Khan";AcJnMuHLUv_vEn_HMPBXMlih_dQ5z_mK3SJ6I_5if64GEkBwuZa5nZlu3pmC0TprmqXB0oepK1YNG_HOgk7ECIpixeNlzRdVP724ayCAEymae_wF8aQxWBy0bIin3UGh3G6gv48bQKY8ZvKDuf-A6LFGTvI7burGE_7ndLXPjvWKafLiaEM3;13.0805408;80.2498942;ChIJZSz16nVmUjoRpbR2uC5tPH4;4;2554;"['meal_delivery' 'meal_takeaway' 'restaurant' 'point_of_interest' 'food' 'establishment']";"Door No 19 Ground Floor Purasawalkam behind Sangam Theatre near Flowers Road Block 2 Kilpauk Chennai"
Chennai;Chennai;13.0825;80.2750;India;IN;IND;"Tamil Nādu";admin;12395000;;"NOVELTY TEA HOUSE";https://maps.google.com/maps/contrib/117776985807000657410;"Rineet Subramanian";AcJnMuFH3fUWWsQSXRW0WbGFZnPwtLTPNe7rsvapBhL_0nelKHE8oqzssV8Q1MqOy2ASo7QlEiWECGlRtkehHq3seNumMUHl9Nrsi9e2RADzymMnexrWOP0xdMAAXgP6UmzNe9ecqvG-sA3X7z3YFOUNigcwuhvoItHXeLwLZsj3h_lJTUGI;13.0891373;80.27889619999999;ChIJYzomiqpoUjoRq8A5IC6RAwc;4.2;1748;"['cafe' 'restaurant' 'point_of_interest' 'food' 'establishment']";"355 Mint Street Park Town Chennai"
Chennai;Chennai;13.0825;80.2750;India;IN;IND;"Tamil Nādu";admin;12395000;;"Hotel shiva sagar";https://maps.google.com/maps/contrib/115730553982542522454;"Sri sai Kishore";AcJnMuHrWny0bl_udw9jg_pMw8JdHLvIkkQVg7TW-oZJ-Tt6WeGiWUNinrmR9fXTlMYKCnGRNX1-wRDWs4g_Qb6PuAas6drr7Pa0ugMMT57q872gJB7TxA8mKGdu1tkyrC57fRA6m0Pj5I2zjRWORCkxhK2iDTFIqMpK0pKKCjIUUoPFiVLk;13.0847943;80.27605419999999;ChIJp0mL_P9lUjoRGpfKfeXvSek;4.1;1920;"['restaurant' 'point_of_interest' 'food' 'establishment']";"Old No. 144 New No. 317 Wall Tax Road Jutkapuram Periyamet Chennai"
Chennai;Chennai;13.0825;80.2750;India;IN;IND;"Tamil Nādu";admin;12395000;;"Hotel Sennthur";https://maps.google.com/maps/contrib/103158277596116424874;"Siddharthaa Radhakrishnan";AcJnMuFc8a9Jyx2MpD9CIzTZJIrEn5HI9mvDZ_k74SjrYr6KlUmGKRveBWy2wzuDfV8kITr1kXK9nxBv2peHyZVTpVBxn_kih0cHzyUArqWj_XRxxPsl6NqM_CaCKb9C9VStS2HnJ7OhiToF6j28zhBdK771YN3cbiU1SaoXFRCEgQ6gqyga;13.0617961;80.2632805;ChIJTZ7fBhdmUjoRfinwjYPGXhA;4;1476;"['restaurant' 'point_of_interest' 'food' 'establishment']";"154 Club House Road Express Estate Royapettah Chennai"
"Kolkāta";Kolkata;22.5675;88.3700;India;IN;IND;"West Bengal";admin;18502000;;"Sugar & Spice";https://maps.google.com/maps/contrib/108121805194764957943;"BARNALI MUKHERJEE";AcJnMuGB59devHH7n6IQYjYBH0PlvyMvANN112ZXsC91fzPKEjDbkEuSuJz4e2AoSnrMqlN95GbeWlpLBC1HrOonFMHSbLDl-LWKxUwJyTddIqRikPi75DENZTklE202HuTrCLo4LDLrI79laN-Gcc4uD7torkzOHxphXg2E6RtM7SNXkb4;22.572646;88.36389500000001;ChIJe6yzIVN2AjoRpnq6Ojv2HoM;3.7;26;"['restaurant' 'store' 'point_of_interest' 'food' 'establishment']";"78/B Acharya Prafulla Chandra Road Sealdah Newland Baithakkhana Kolkata"
"Kolkāta";Kolkata;22.5675;88.3700;India;IN;IND;"West Bengal";admin;18502000;;Target;https://maps.google.com/maps/contrib/116246600267765913958;"Mahamaya sinha";AcJnMuHsM6MqFetiP2Vzs0-_Hp6BOXVXa8pqw6NIQ7JWe8UxvifdByuXggusGO-baUU2RnatFLh0uQGu49fqqim4CtNQ0_8Wt-_H21R4STbxi0PPp2YngtB2y_RnoczL57m66xQcNCjn-V7Zsvx31qKCUqErj6vVBDNcse1QbnV4ZR_kZaKk;22.5779656;88.36896449999999;ChIJFRuNb052AjoRczdlejfgkmY;4;52;"['restaurant' 'point_of_interest' 'food' 'establishment']";"116 Keshab Chandra Sen Street Machuabazar Kolkata"
"Kolkāta";Kolkata;22.5675;88.3700;India;IN;IND;"West Bengal";admin;18502000;;Kalika;https://maps.google.com/maps/contrib/106449242842677329728;"Mr Mazician";AcJnMuFqbgT6w4enKYxJTtZqmz4eZtnVcqaLkWonddfbvCgwYJTquWKGq4ufqJGmq6_PkVniQCiqm3SdvGKHZckwTAwcfsg1g4toqRB_KETb-Y_lXr7EW-z0mCDRN8APKCa7pklgoMWQSvz8Y7_lo3dav-0uYeJRyQnPTsO2hsgoaG3anFYE;22.5728549;88.3665144;ChIJP9TSylN2AjoRLfcvd9C0_Lc;4.2;2641;"['restaurant' 'point_of_interest' 'food' 'establishment']";"29 Surya Sen Street College Square Kolkata"
"Kolkāta";Kolkata;22.5675;88.3700;India;IN;IND;"West Bengal";admin;18502000;;"Annapurna Restaurant";https://maps.google.com/maps/contrib/107539241502228911166;"Soumili Sil";AcJnMuFBxF2NIivKDsUwUhYJX_FCTMQpIXMRxXgn4IvnWZw2eME-ZxYAKN1GxzOrz3wy97ql0zbScK7x4asUIIC2S0s6Qwx6QvxZOelIWXmCOFtkaTUgRP4LIH0yLUSF91vDiXqqGB4pnIem8dNHsNUIi7KrcmOoKLJLqH-BiCbrg0D2XFt4;22.5709242;88.3690227;ChIJ9SwGb1F2AjoRdtCULiTA6QY;4.1;151;"['restaurant' 'point_of_interest' 'food' 'establishment']";"23 Mahatma Gandhi Road Sealdah Baithakkhana Kolkata"
"Kolkāta";Kolkata;22.5675;88.3700;India;IN;IND;"West Bengal";admin;18502000;;"Tajmahal Hotel";https://maps.google.com/maps/contrib/114850061319860094672;"Pulkit Dance Studio";AcJnMuGRoK4xjlilr_3jGrou374-CMcpgB7xJh8ivY0PRRj2M-17SNIe8tDCSv1Eep-b2je6SytRok9zYZdxgR4S6aIbrZYCMGAug63NGTtIW8Q-9hbd8yVLZ_tclakJZtKfp3Vl1oKJ2lVaw63PwbkaW6w27CQf9tGVthtpClD96O6TxV5Z;22.5688128;88.37018859999999;ChIJiWKALVd2AjoRX4HrjjXJ3xE;4.2;81;"['restaurant' 'point_of_interest' 'food' 'establishment']";"Acharya Prafulla Chandra Road Sealdah Raja Bazar Kolkata"
"Kolkāta";Kolkata;22.5675;88.3700;India;IN;IND;"West Bengal";admin;18502000;;"Shankar Hotel";"";"";"";22.5705659;88.3686252;ChIJBY4GSFF2AjoRwPS-i2lcwUM;5;3;"['restaurant' 'point_of_interest' 'food' 'establishment']";"10A Baitha KKhana Rd  A.J.C.Bose Road Park Circus Baithakkhana Kolkata"
"Kolkāta";Kolkata;22.5675;88.3700;India;IN;IND;"West Bengal";admin;18502000;;"Arambagh's Chicken";https://maps.google.com/maps/contrib/108294676865696013050;"Arambagh's chicken";AcJnMuHsKHBLjS9oLbIFC8DA8m6ETPzGCTWG1k2qs0Sa0nOy_ZWW2yl6j5MqAaGznQbPBgNkEuMrsFvCImVBCuB6fcd_JpOeIEMFlsyBBsPhegQdA7_dtAF5TAgY1iyhuA1GQ2B3njCAymr8AdPXBoL9sGENW-CeUF_p-ZfGWL5H0APvz0-J;22.5735271;88.3673977;ChIJ5-IeV052AjoRQaPKv5agTxI;3.9;88;"['restaurant' 'point_of_interest' 'food' 'establishment']";"24B Amherst Street M.G Road & Amherst Street Crossing Kolkata"
"Kolkāta";Kolkata;22.5675;88.3700;India;IN;IND;"West Bengal";admin;18502000;;"Mother Dairy";https://maps.google.com/maps/contrib/105918141809579342223;"ASHOK KUMAR A";AcJnMuEhqhMAS1QoMz5Fzbe7tDCp-Y7-T8rox7Q4Welp7CX1BcJL_OaiWedtR0YLguk21_S50IYmMJ3A_HK3WVRAZKawanH6jWKnyntxncCfr5t3x6cBvEhTNlxp71LEbDg7QjIkZ3cZ6K81sGImv8RsnqrwzknquH88smUIdrzATwmgJI5u;22.5728816;88.37572259999999;ChIJOw9tp1t2AjoRDJYNsJkRcAo;4.2;28;"['restaurant' 'point_of_interest' 'food' 'establishment']";"H9FG+575 Harshee Street Raja Bazar Kolkata"
"Kolkāta";Kolkata;22.5675;88.3700;India;IN;IND;"West Bengal";admin;18502000;;Haveli;https://maps.google.com/maps/contrib/110213552762856085061;"Dhruv Agarwal";AcJnMuGX6EJtXXVbRY2DzlqSFdGIwCSHNIDA0PsY-kjOvoJdDKaoSnX1RufYyfabTJiTVi4BpzON2CbBTZf7RP6j8VRi8liK8KjX5ZhiAz1K0yr41_z4iX38B45q1HsMyMzOES4fn7xKJ6so9kYLTrA7tVX9A8ONxx6SK-S4qyfeHPSRogIT;22.57265499999999;88.3638989;ChIJV4XKzr11AjoRP0-VgPG3Zvw;3.9;214;"['restaurant' 'point_of_interest' 'food' 'establishment']";"Ck22nd Avenue Sector-II Kolkata"
"Kolkāta";Kolkata;22.5675;88.3700;India;IN;IND;"West Bengal";admin;18502000;;"Food Station";https://maps.google.com/maps/contrib/100637656554094612567;"Norbu Gyeltshen";AcJnMuHvB9MToUADkqSW0a91XR2gR8bN3UPzbPK4I0Y55UDPZLzVMntq5TJx44F-jVbHBAAl2vaFOd-4j0C6_snaKbY6NnMXNPhe-w_SguhSicuA471obVcd20Cu4pehhWuWSEdya9Kyw8rf5_98co5TXfQuQ4uTdIg8QBfnV4IyA6qW3Ea0;22.5737668;88.3628191;ChIJxwdGy1J2AjoR8-i_4xpEAL4;4.1;2203;"['restaurant' 'point_of_interest' 'food' 'establishment']";"opp. kolkata medical college 52/1/1A College Street Newland College Square Kolkata"
"Kolkāta";Kolkata;22.5675;88.3700;India;IN;IND;"West Bengal";admin;18502000;;"Tasty Restaurant";https://maps.google.com/maps/contrib/100630058434902145620;"Disha Das";AcJnMuEyksm9yqyf0JKsEkjPi4Rs3GhNbpXcOvU9SHrXqMB9f-0yLaV7Vl-WcFSVbQTAro2z--9SMm-10yxJQP1o6XYkcbAnexOySeew0fgJXjLlH6Ysy3JHuQWDvr0G1DaN3Mukm92h4k3jiApxA7KWrwdsr0NBqikvLeUsDvaxjQ7nk1yE;22.5758336;88.36469269999999;ChIJZQZtYk12AjoRM460gcFy8co;3.9;279;"['restaurant' 'point_of_interest' 'food' 'establishment']";"12/1A 12/1A Bankim Chatterjee Street Kolkata"
"Kolkāta";Kolkata;22.5675;88.3700;India;IN;IND;"West Bengal";admin;18502000;;"Taj Restaurant";https://maps.google.com/maps/contrib/112219778391546366399;"Taj Restaurant";AcJnMuGz8OaPdxW7jg4-rOs16Dtudb0kOIC__iH-mvEIH0Gownh7J4c9XACYr81hFAuSRI3Tsi6qLax0w2M879tLFZzpwKR_1xuS2mf_p2GbaIlDUsLi8560HP8nRFrddrUJjW3WdqRJfhlUR8RXUmgzeZt0tJiJMicTFmDpwKq-sHWp_oBT;22.5770932;88.3722825;ChIJN6vV9U92AjoRATmmV4YyR-4;3.8;538;"['restaurant' 'point_of_interest' 'food' 'establishment']";"147 Keshab Chandra Sen Street Machuabazar Kolkata"
"Kolkāta";Kolkata;22.5675;88.3700;India;IN;IND;"West Bengal";admin;18502000;;"Domino's Pizza";https://maps.google.com/maps/contrib/113019998498827186096;"DHANANJOY ROY";AcJnMuFlnRhifX6G5Hust03sMe3cSDWbxeglFrq-xr2FiDXNppUBpxQBVH5uR1d--pZ77upJ3D1tDFsuyCbduL9S7Q2Z_F4X_hQ_S5Ovj_6iYkLIZzw52RrmENiBSi6EqQ1aiFckNJ8AGd_9MXzRJsGWoy9htf1bC4eqF_SjzfC4JDm78yMo;22.5580934;88.3655702;ChIJUVHzgv52AjoRefqr9vDPfeU;4.1;2343;"['meal_delivery' 'meal_takeaway' 'restaurant' 'point_of_interest' 'food' 'establishment']";"No 84A 1st Floor Fomra Tower opposite Entally Market Acharya Jagdish Chandra Bose Road Sealdah Kolkata"
"Kolkāta";Kolkata;22.5675;88.3700;India;IN;IND;"West Bengal";admin;18502000;;Tasty;https://maps.google.com/maps/contrib/110432653101496400842;"Ayantik Biswas";AcJnMuGjNaoySU0IlH-5Dch-S3cPaKUtOsa8un5V3eB7Pd5UbF2n1ktZzg7-jSmgiIfhebA3wMdGiAA6Tw1vuB2EpvWNR1saVlx23gEvpBE-E9VM1fgcpvA5gyJ4HnwCyicDE0wobyQDLlSJQo9VWcXo3--HBMhXYTOgrrl2mgQ261b6pOpj;22.5769457;88.36474969999999;ChIJaULbMEZ2AjoR3aKdac5Q4KU;4.3;28;"['restaurant' 'point_of_interest' 'food' 'establishment']";"77/1 Mahatma Gandhi Road Amherst Street College Street Kolkata"
"Kolkāta";Kolkata;22.5675;88.3700;India;IN;IND;"West Bengal";admin;18502000;;"Yummy Tummy";https://maps.google.com/maps/contrib/117305466356864019592;"Abdul Muthlib Choudhury";AcJnMuEC7bBuA038BLZ0h3zLSTdGN7kIEg2RnYUryaRER_OKjiDrksaLIPyvW819AA1j0joADUHFJ3aET0Wb1tKccIgbM5HYhLzP1IM2HiTI3wWSJXUZt9QIrkc1K3H_b-iQMPMqRfMEk7HBg5iiMl-lFPUgU6bVaLcWseg2_oLeup3cR-18;22.5766171;88.3640379;ChIJ58W8Qk12AjoRRUd6-X2TNHY;3.8;121;"['restaurant' 'point_of_interest' 'food' 'establishment']";"65 (Opp. 65 College Street Kolkata"
"Kolkāta";Kolkata;22.5675;88.3700;India;IN;IND;"West Bengal";admin;18502000;;"Rehan Restaurant";"";"";"";22.5681647;88.35768519999999;ChIJa2bcYKl3AjoR3UOaZtd31mw;3.7;3;"['real_estate_agency' 'restaurant' 'point_of_interest' 'food' 'establishment']";"34 Chittaranjan Avenue Chandni Chawk Bowbazar Kolkata"
Jaipur;Jaipur;26.9000;75.8000;India;IN;IND;"Rājasthān";admin;3073350;;"Ratnawali - A Vegatarain Heritage Hotel";https://maps.google.com/maps/contrib/117388845036908077427;"Ratnawali - A Vegatarain Heritage Hotel";AcJnMuHJ0nLRP_tnideFJmkdWrz_43AAa0RuFt0bnAgBLw8k5BE49mI1HSM5lxuXfmlc5ezrb1p4_3TjgFlY96lfWcW7cDHjdEZgEGweU0Sa-yUkYZsomyNiAsZX8Be4B7D1M6irbrL87rNBdlKTtNNbsWTECyzGjxgTOQZM0rV_oSVgy1Nk;26.9178678;75.8114788;ChIJVVWVfxq2bTkRqgXX8vqU7FE;4.2;919;"['cafe' 'lodging' 'bar' 'restaurant' 'food' 'point_of_interest' 'establishment']";"near Panch Batti B-12 Mirza Ismail Road New Colony Jaipur"
Jaipur;Jaipur;26.9000;75.8000;India;IN;IND;"Rājasthān";admin;3073350;;"Kailrugji - A City Centre Hotel";https://maps.google.com/maps/contrib/109299971685048871026;"Afzal Qadri";AcJnMuFAckSQmh99-uNKhbmiLYR_amHgmuT-UcS7JvN1BtJcAmNN2ZCnBYf2_TPjN_1tngYaiE4SAXb-XRMtvC6Db9OiL4qOFl1S7FajqDT9qlH0ZNhivty6VETLHvWbuOLhXzQ6-O7mtxAzsVAT18JStlOwsFzFYYQYFzSSlU8Jq7i-OiM;26.9168985;75.7945525;ChIJuW3fbQi0bTkRM0AcuEAnR_I;4;296;"['lodging' 'restaurant' 'food' 'point_of_interest' 'establishment']";"22-C Gopal Bari Near Radisson City Centre Near Vidhayakpuri Police Station Off Mirza Ismail Road Jaipur"
Jaipur;Jaipur;26.9000;75.8000;India;IN;IND;"Rājasthān";admin;3073350;;"Jai Niwas Hotel";https://maps.google.com/maps/contrib/102868110194345225495;"Jai Niwas Hotel";AcJnMuFEmre5VGCsVzc3CIa-a6WN6NYmjUVQZC-j8iNfcxZWqFPwggScAZsCjR6TgKQI85Soh3ptg7p_3EB0SKVZZe6kxsY93D_EY2aeJOkPPQUm1YR08RTSQ_ePEwKURsUz8i5XWatDLk0hisvoGu3CoVb_gCry6ggT4RfojDKawrn1sDpM;26.9191308;75.8053843;ChIJDVLPcwC0bTkRurw0zLGu6Ag;4.4;515;"['lodging' 'restaurant' 'food' 'point_of_interest' 'establishment']";"near GPO Gopinath Marg गोपीनाथ मार्ग near GPO Mirza Ismail Road Jaipur"
Jaipur;Jaipur;26.9000;75.8000;India;IN;IND;"Rājasthān";admin;3073350;;"Lords Plaza Jaipur";https://maps.google.com/maps/contrib/111219181587802146362;"Lords Plaza Jaipur";AcJnMuEwenr_K6os7Uf67fR6wKzmcyrI_rMpv5v_dQ5umI06ghyBDe_Y3u34qN2b2Mi2fDYccYShnOBTSB6RjaeGK8QFCd4GWmZphnlbeAYqLjbYs-GiqnSklrkU0QlNWMJNvyOmub3WGXwi_l1Beyyghlia4jgsvQfylK74fONnncO6ZR2b;26.9089956;75.8150872;ChIJPRuWhqW2bTkRaMx5S80BHfA;4.2;2839;"['lodging' 'restaurant' 'food' 'point_of_interest' 'establishment']";"Suchna Kendra near Jaipur Sawai Ram Singh Road Jaipur"
Jaipur;Jaipur;26.9000;75.8000;India;IN;IND;"Rājasthān";admin;3073350;;"Comfort Inn Sapphire";https://maps.google.com/maps/contrib/111191320845893461043;"Comfort Inn Sapphire";AcJnMuGNA0G-TABKkgZjfzCcQd9cvra-DzRFs-6LumByremTdBZKAFhZ6nKe_XMziBtya2_IdZszFduKo2oyHA6RFySD-qBnFwfBiKJo4tJC7oyE-YLuo5W1WzA9DN8GxvyWpjzBLRZpoPSGN0h19SJv-DO89qusCPdqrHIv5BMUfOGNqJAT;26.9177032;75.8111261;ChIJHR2J1gG0bTkR5yNhhQvmZbw;4.1;1241;"['lodging' 'bar' 'restaurant' 'food' 'point_of_interest' 'establishment']";"near Panchbatti C-5 Mirza Ismail Road Circle near Panchbatti New Colony Jaipur"
Jaipur;Jaipur;26.9000;75.8000;India;IN;IND;"Rājasthān";admin;3073350;;"Hotel Rajasthan Palace";https://maps.google.com/maps/contrib/106411075352632428464;"Hotel Rajasthan Palace";AcJnMuFsqmjV6zg4mZdpDFwp3KnZqh5Ald8vZQ6QATkI2PxLVwQKkttVJakg61bMTVZg4kWfYk9t3kRxS_jslD-XrQOOM-srs1H-gq9jcmF1iQdSs09bfBTimmRSpBqjtjF1a6jupwRoMbhYIATYnU0LBwK--DKx0Utbz6Xd2GD6kH0oOiJZ;26.9008788;75.82113609999999;ChIJAQAAAJS2bTkRWUWQ2VmlhSA;4.7;2842;"['lodging' 'park' 'restaurant' 'food' 'point_of_interest' 'establishment']";"3 Peelwa Garden Rajasthan Palace Hotel Moti Doongari Road Jaipur"
Jaipur;Jaipur;26.9000;75.8000;India;IN;IND;"Rājasthān";admin;3073350;;"Hotel Kanchandeep";https://maps.google.com/maps/contrib/114419496109619623126;"Hotel Kanchandeep";AcJnMuE2rQBEnAIKkcmPxjm1HigZWzC7nQjubRjDg7kFALlDYuZox8qRlb-MonLv0m-d0gsf1qD1uh7ZeElpGOBa9GtDgRAlLYVPVl9jPV0-dVtVKvJ6PClHM75Mv8IIhCSPtsToQ3ElOn1hFiWWXQzeV39W1xSqX40DKjpvI_5rSgC7H5z3;26.9206612;75.8010281;ChIJs77cTv-zbTkRxBF-MlzK9GM;3.9;1110;"['meal_takeaway' 'lodging' 'travel_agency' 'restaurant' 'food' 'point_of_interest' 'establishment']";"17 Vanasthali Marg Sindhi Camp Jaipur"
Jaipur;Jaipur;26.9000;75.8000;India;IN;IND;"Rājasthān";admin;3073350;;"Hotel RAYA INN";https://maps.google.com/maps/contrib/111436023078351216534;"Hotel RAYA INN";AcJnMuFXvZNLckmEKg43tA7t9LDwfx8tkdEfnWA6NaQUU9niZWGvuxLOKzsDrDmrLrVNCrD5XDPXvc5LJpuQ6wNVzVdOrZxYz0BQJiyTcyMdUAPuGIyGZOocqEIRZkqoNwa2C2kYOiKN_V58_3ZmUiBRjFmp7yWRLY0DrT54f2BXOvRudfk;26.9213787;75.7878805;ChIJUTnLS_SzbTkR7f1GD8Knwf4;3.9;1717;"['lodging' 'restaurant' 'food' 'point_of_interest' 'establishment']";"Power House Road Opp. Jaipur Junction 32 Ram Mandir Road Jaipur"
Jaipur;Jaipur;26.9000;75.8000;India;IN;IND;"Rājasthān";admin;3073350;;"Hotel Ananta Inn";https://maps.google.com/maps/contrib/103704067855912158621;"Hotel Ananta Inn";AcJnMuHi_0hKis5MKyFd0_9Tj6i2cvEueibC7XrzSqj1tZxmtb-Kyb1zcQArmVqa7J_8XQIBiqbL2MPDp7Td9qX60P7ay2aPqG5yj5mlQknMC40LH_3nOpQ2mgCgj27-etZ0ScGmTAhgrxYRC3nXxRHMM6E7FP7dcH3g1QLSN1_A3WOdpUek;26.8903322;75.80441429999999;ChIJ_R6eLye0bTkRaMeTz-55osE;3.9;647;"['cafe' 'lodging' 'restaurant' 'food' 'point_of_interest' 'establishment']";"Plot No 1A एवरेस्ट कॉलोनी विधायक नगर लाल कोठी जयपुर"
Jaipur;Jaipur;26.9000;75.8000;India;IN;IND;"Rājasthān";admin;3073350;;"Hotel Ganga Kripa Jaipur";https://maps.google.com/maps/contrib/111831492331859131826;"Hotel Ganga Kripa Jaipur";AcJnMuH0huRITGsvYaGI2T-uHBLM47mN-N3SPPswwy_vSukJGp23sTbo8IXPRHBks_U8WEECPDs0FfmI0EL-z2j9U0cEqeqQg08X4WjyflOMB1YgOvQv8IqP6OG9govrhVjAn65qTDhN0wDwgxXqU51oNh2SnDyxeah0haxe0jWn1lSqvoi4;26.9165239;75.7918218;ChIJYXczugm0bTkRjBxuoRO7ZQM;3.3;455;"['lodging' 'restaurant' 'food' 'point_of_interest' 'establishment']";"D-111 Kalwar Scheme Gopalbari Jaipur"
Jaipur;Jaipur;26.9000;75.8000;India;IN;IND;"Rājasthān";admin;3073350;;"Hotel Golden Tulip Essential";https://maps.google.com/maps/contrib/113172926245945658042;"Hotel Golden Tulip Essential";AcJnMuHwUFa3C3T3JQfTY4u4u2bmNwCbuT_g7YRmIyFHKXP4sIMvF65l-L3uySmSA3s7x294BZ1qRC35IkTrYXfHP-zkL5ddA17O6Z_A8Yd07PazlQOSDATykOL2FbDmh_zYaQA7AvU99HH-Adh5Ff1E4ecxJ70Z49ktOUCzOYCF9PpJeL0t;26.91701949999999;75.8061386;ChIJW3gz9Aq1bTkR96TU3BEpO7A;4.3;7962;"['lodging' 'restaurant' 'food' 'point_of_interest' 'establishment']";"Plot no opp. Lakshmi Complex 5 Mirza Ismail Road Jalupura Jaipur"
Jaipur;Jaipur;26.9000;75.8000;India;IN;IND;"Rājasthān";admin;3073350;;"Pratap Bhawan Cuisine & Homestay";https://maps.google.com/maps/contrib/102314339878545147550;"Pratap Bhawan Cuisine & Homestay";AcJnMuGMHRg7VM1RvZfGh3Mzx80-JHBZ1em-B5tSlXnLRQApgCKu99aFBOcbKpNKbHAQNada3TYmaCxOqaw-DjK_76XVm2q7WIG61GSmtbRgIJHenXDlgJR3V90CDGv1_CEEh5mTxFdpIEpDIT41pEgdOHTmaTdAuMpky8C8WMUEaGqZsqvF;26.9088686;75.7912941;ChIJhYx1Rg60bTkR4PbOPMVvhLk;4.6;109;"['meal_takeaway' 'lodging' 'restaurant' 'food' 'point_of_interest' 'establishment']";"A-4 Pratap Bhawan Jamnalal Bajaj Marg C Scheme Jaipur"
Jaipur;Jaipur;26.9000;75.8000;India;IN;IND;"Rājasthān";admin;3073350;;"Hotel The Heritage Castle";https://maps.google.com/maps/contrib/116336534754465539153;"Zeeshan Ansari (Zeeshu)";AcJnMuEJvWO0hlQxoV5luJIQXjoKbtHI06LKttLtSNDxdNg-WxvMRq_1GDsOKRmFYd7nwBKuqQnDBLJ6q3hg-ueYuB2bwlY59hwwaQNd6Hsqm8gpexSu2W9A3qRxJ-7POXMlUE9wSeIOt3v29-thnLZgRbsvjbddWpSEs6vK5pSEnbE6fTKu;26.9193687;75.7974763;ChIJ7fboyQC0bTkRQegDBge50so;3.4;326;"['lodging' 'bar' 'restaurant' 'food' 'point_of_interest' 'establishment']";"opposite All India Radio Station near GANPATI PLAZA 218 Mirza Ismail Road Gopalbari Jaipur"
Jaipur;Jaipur;26.9000;75.8000;India;IN;IND;"Rājasthān";admin;3073350;;"Sanjay Omelette - Egg Dee";https://maps.google.com/maps/contrib/103893453833064666391;"Sanjay Omelette - Egg Dee";AcJnMuH6MPGY8HCUnG-tQ8KwUV0BqkN3hLSdbVorUvd8hd4xDiy_gvirrKmQbYySFSzAs-3pM9tYVOnVQ89hOPPETN6Yo2O4SLirEZD0YKeK8Us3f5gDyhyNO-fxCxxMBPjTlWf6KZFI0ep25UbGXDJ0YT1r3_oDQhAeTTaqsiI84APEENPU;26.8903126;75.81045259999999;ChIJayzUMJy2bTkRFYUhfXgaNxs;4.3;4928;"['restaurant' 'meal_takeaway' 'food' 'point_of_interest' 'establishment']";"Janta Store Shopping Centre University Marg Bapu Nagar Jaipur"
Jaipur;Jaipur;26.9000;75.8000;India;IN;IND;"Rājasthān";admin;3073350;;"Aunty's cafe";https://maps.google.com/maps/contrib/112799871806177802122;"Rajesh Srivastav";AcJnMuF3LS2zK4yqm60_K8mMLfLPGQ03f6uK7P7tyjlYk_T8aKLb-ho1KHEHCqwj4x6axjRJBQwWgyFEuH2iIsZMko5P0Ae1lrP3tNu_RL4nSIRVFfLvRxFVuqTrCjbYQSDJFWvZpAglbFqs8zpEahsl50RRhtCuy4l3S0iHgD6EKLc5M7S0;26.9091698;75.8023029;ChIJFREpQAO0bTkR3qc1KTDt22k;3.6;2805;"['restaurant' 'cafe' 'food' 'point_of_interest' 'store' 'establishment']";"Sarojini Marg Ashok Nagar Jaipur"
Jaipur;Jaipur;26.9000;75.8000;India;IN;IND;"Rājasthān";admin;3073350;;"Chaisa Cafe";https://maps.google.com/maps/contrib/106197504380539666597;"Chaisa Cafe";AcJnMuHXo5-rTMJ2m8uPTxXq_ac0vNd26bDUvzPQoWWivOA32wpj38KjLyBO57Nk_Ac-dgA_FT888x34CmXnmVFyHVitZmyBf_T35U3gFnuf_AVaxJrKKVSok4nMZgnq07CiHgp0qRKsoyHbjbn_gX1DvMkBcIFWsDyu9yT3R0jW8XGD5aiM;26.8915476;75.7994789;ChIJ9TOrkyO0bTkR4GHr_BcTWHc;4.3;1889;"['cafe' 'restaurant' 'food' 'point_of_interest' 'store' 'establishment']";"Close to Vidhan Sabha 8A-Satya Vihar Pankaj Singhvi Marg Vidhayak Nagar Lalkothi Jaipur"
Jaipur;Jaipur;26.9000;75.8000;India;IN;IND;"Rājasthān";admin;3073350;;"Mewar Internet Cafe n Cafeteria";https://maps.google.com/maps/contrib/112395176927582375386;"Mewar Internet Cafe n Cafeteria";AcJnMuHUd0dOtA8adLlIsQqfGJUQWzuEIme54_6AQCfGdKMyCvbiU767T_xHqfokpSC6sKSWXnxn-vzTILEBvmtXaOWu24iF6QEBC8kphvNkI6AEholKrpZvRuG7dkwN_xEhjVtTdCyb5irkkvx0HYijZP0Nwe6mJttTZmc0qW7qJd7s5QU1;26.9226982;75.79959889999999;ChIJaz51IvmzbTkR4BPl_AQ6TDM;4.5;102;"['travel_agency' 'real_estate_agency' 'restaurant' 'food' 'point_of_interest' 'store' 'establishment']";"opp. Metro Station Sindhi Camp Station Road Jaipur"
Jaipur;Jaipur;26.9000;75.8000;India;IN;IND;"Rājasthān";admin;3073350;;"Nawab Ganj Safari";"";"";"";26.903481;75.793612;ChIJaU23AhG0bTkRGos3IcucXYU;5;2;"['restaurant' 'food' 'point_of_interest' 'establishment']";"2 Nh-11c Shivaji Nagar Ashok Nagar Jaipur"
Jaipur;Jaipur;26.9000;75.8000;India;IN;IND;"Rājasthān";admin;3073350;;"Doodh Misthan Bhandar";https://maps.google.com/maps/contrib/108309060344912587307;"Doodh Misthan Bhandar (DMB SWEETS PVT LTD)";AcJnMuEZ8dlk2ArYGu2-LSepp0y_zBO2TFl1Y6etUmVlxGkC_CXzPXaKDTR5qggERHjizXFWqZBlzihYEQMJloM8RmU0wRcg6XZWTJWwFyVIRTPWjybf0X1c0FjOQZ9y7POqjh2Yptrj_fFSWp1SMD17sVEjnUBfzOGfx4VEtYw7OsTbdGid;26.8864245;75.7958671;ChIJsbzMLyW0bTkRuZaHLqcvbzc;4.2;4148;"['meal_takeaway' 'restaurant' 'food' 'point_of_interest' 'store' 'establishment']";"Near Hero Honda Showroom B-73A Sahakar Marg Lal Kothi Scheme Lalkothi Jaipur"
Pune;Pune;18.5203;73.8567;India;IN;IND;"Mahārāshtra";"";8231000;;"Gandharva Residency - Hotel - Banquets - Restaurant & Bar";https://maps.google.com/maps/contrib/104827265901145910200;"Pankaj Kesharwani";AcJnMuEr6VhiXb9KQOyGAEEKuid2gLdpM9n6w67Em9jKiN09-Bg-lsD9JUUxePRVSFhNI-xPzeO8oKVtgxAN7KrXEzBcs5tyT3cuUkTxh97NjkhAYWInoS2DVYPGDSf-KdnEbgbODaEWeKlgj8RAk50lyQ6EcejlLKFABxkVtLL_l7cWbRMZ;18.5229448;73.8491935;ChIJ54o7acHBwjsRBr2bqX7HnmE;3.8;1122;"['restaurant' 'food' 'lodging' 'point_of_interest' 'establishment']";"Gandharva Residency Managed by Rapid Hospitality Jangali Maharaj Road Shivajinagar Pune"
Pune;Pune;18.5203;73.8567;India;IN;IND;"Mahārāshtra";"";8231000;;"Madhuban Hotel";https://maps.google.com/maps/contrib/109975994269704036241;"atharva arts";AcJnMuEc4OLBfto9s4dSgWHcrsaGV9Ef5CGhn0gTayPvAR6oZOWcQryu2fbYPeo4LbcexnZpiPCLtV8ddPanKYtxsB3Zo1kLVPZh5dvjrDPde6Odcp8FxR0mLpxu_Qs74oEgsrS5eulMembkq2diWMqNBEuu7UnidHv4aSVjbQe9mURI2rKt;18.5193856;73.8487751;ChIJaYD1O3rAwjsRYUR6zo__ne4;3.6;153;"['restaurant' 'food' 'lodging' 'point_of_interest' 'establishment']";"GR9X+QG2 Chandrashekhar Agashe Path Shaniwar Peth Pune"
Pune;Pune;18.5203;73.8567;India;IN;IND;"Mahārāshtra";"";8231000;;"Sankalp Restaurant & Bar";https://maps.google.com/maps/contrib/113136385510162435634;"Sankalp Restaurant & Bar";AcJnMuGquRYLKLpdMWQIf7FHkD2Y3ZSNl0puvI3fDBqFwfao1WOZX2UQ027wkFqCbRmKXmqoO83JS7ARe0QeIH5KdLniSdOYcqyie79SUqQTM3V45a2XXO4bQ3oScwjk4fyjTgvtqD9mT54IJF5cw5hiTHZfVi3bo8A8m5SvhMPYN7arRgbn;18.5140593;73.85614439999999;ChIJj1IpQW7AwjsRbupRpFgh_bw;3.9;382;"['restaurant' 'food' 'bar' 'point_of_interest' 'establishment']";"Babu Genu Chowk 1116 Tulshibaug Internal Road Tulshibaug Shukrawar Peth Pune"
Pune;Pune;18.5203;73.8567;India;IN;IND;"Mahārāshtra";"";8231000;;"Shree Krishna Veg Restaurant";https://maps.google.com/maps/contrib/115227476191624344471;"Vedant Alandkar";AcJnMuFT59bWFAGY1BCo4wfxGj2Hm1mAeXxB-Q-41NFDa2wkrlCAykI39PUiYuUzIXwNbCOgn0F5SPAy-KMMufwwN8EwO3N6l2vNamkZnFpixnNM1jiPBoebfkWBQ8iRtnvHpWerBt0EC86vodlA6G5RQnqoCCmv8aS82YdMJzv_yQr4dXPs;18.5184571;73.8563679;ChIJVVVVJW_AwjsRxEtTnD0gxps;3.3;32;"['restaurant' 'food' 'point_of_interest' 'establishment']";"GV94+9GQ Near Savali Furnitures Ganesh Road Budhwar Peth Pune"
Pune;Pune;18.5203;73.8567;India;IN;IND;"Mahārāshtra";"";8231000;;"Dulari Garden";https://maps.google.com/maps/contrib/100615533649102861600;"Abhishek Dhumal";AcJnMuGdO-GEc5NtJcRyeBPSuYA9FzgICAw9xDaUlFbTGeS2W78BkQi4ZMw9qn_7-LGx416LtpuF6H6m6ROr463WS1oOq__qUXQ6ng69mRRaXlxi3vMTdjsDXuIHuc9hoCLHnNbrwOA2U6OVbBx2E2euIvQVPLO2VQrtFJIgO_tL_FhFHEdH;18.5192605;73.8653028;ChIJVVVViULAwjsRmRUxFF74sNc;3.9;238;"['restaurant' 'food' 'point_of_interest' 'establishment']";"near Apollo Theatre 337 Mudaliar Road Rasta Peth Pune"
Pune;Pune;18.5203;73.8567;India;IN;IND;"Mahārāshtra";"";8231000;;"Lalit Mahal";https://maps.google.com/maps/contrib/109733352568183169827;"mani maran";AcJnMuE2sIjD7GsxiM7hfTxou1lTie8IHa6POWz5fvdUuUxGSRx-zOiqd6xjctmjqXhk8abStr98T4BTZBMgsFRVOS-QVBZzkCtD35rkw3F_NEufr3CKC2HfqkikEhU7rGgK0VcO58ZuJ9l7yVkOt-NMh1bFsh0Y94lPVTsbQa67T_eZalxt;18.5207588;73.86490309999999;ChIJMxPMjWfAwjsR7MkD4svQ77w;3.9;209;"['restaurant' 'food' 'point_of_interest' 'establishment']";"GVC7+8X2 near Bank Of Maharashtra Railway Station Road Somwar Peth Pune"
Pune;Pune;18.5203;73.8567;India;IN;IND;"Mahārāshtra";"";8231000;;"New India Chicken Center";https://maps.google.com/maps/contrib/103977795383682626027;"New India Chicken Center";AcJnMuHP4AoK9rzbl0FMdrXZhm0FZDmkco5SGp4whTy4cfi7tc9aAqcBmvzsYDGb3cLmdGdUBEbwX7lG-255P35TDYMF34mjKm7_Va6Id70xFQZff2hAZVXHq0wpdXhuCBgIxSE6mMAoDe2qnwgV-tFTdB-ShYTPEWtLIkSY7jjlHtsHW6dz;18.5221212;73.858347;ChIJ12_EOWTAwjsRQy46t40WQcA;4.4;60;"['restaurant' 'food' 'point_of_interest' 'establishment']";"1229 Kasba Peth Pawale chowkopp Ganesh Collections Pune"
Pune;Pune;18.5203;73.8567;India;IN;IND;"Mahārāshtra";"";8231000;;"Hotel Vihar";https://maps.google.com/maps/contrib/102235156806500317571;srastara;AcJnMuGQXLLUsR6YIBfxSeu8Y3XQuQ-cOEk1cVcGQLLWRr89jVRoNwyPWMCq5dwXDdSkgp1JHNccyJaoBHangGr-Rnf05vGkCO-gB2v6qhxyYvIK7SbB8Wx4YfoGMTKsxLGLh4aBZAZtkUpIISek_nIabpG7VnMtD2kLnpMy0JuYxZjm6HRI;18.524815;73.853002;ChIJfd-XsHzAwjsR49CKZukPKGg;3.6;5;"['restaurant' 'food' 'point_of_interest' 'establishment']";"Opp PMC Tophakhana Shivajinagar Pune"
Pune;Pune;18.5203;73.8567;India;IN;IND;"Mahārāshtra";"";8231000;;"Sudama Garden Restaurant";https://maps.google.com/maps/contrib/105296001489408725994;"Muzammil Magdum";AcJnMuEZGZ_gSX4vba5IiVfXHAzGchBV1t9FpTdA-oJcd3Bs_xgsw37mRK2ddnudRWebxX71LEciIIyzIhaCvDZDCSu6drEjceGR-vctQU1nRCvZgRVnFkboKHDz7Z4pq7sFwIxB9DETEU8l2scokqRV59EH3JbEa2bdYawEd1EEYQ3k3DJA;18.5261254;73.85199;ChIJSQFw53zAwjsR983VPlTtF8w;4.2;5039;"['bar' 'restaurant' 'food' 'point_of_interest' 'establishment']";"365/11 J M Road Opp Jungli Maharaj Temple Shivajinagar 104 NH 4 Gaothan Shivajinagar Pune"
Pune;Pune;18.5203;73.8567;India;IN;IND;"Mahārāshtra";"";8231000;;"Chinese Corner";https://maps.google.com/maps/contrib/112615118294341138263;"Chef Tanay Goregaokar";AcJnMuFknl9hXub5ehV6v4PQ4xHkkquRyQVTDJP71JF8eIdD3NM2Qm3bZHglDd-ignf4-AHnc6AoqG8ZQP9n4neCwIzc9RtyHgX7PIvwuargdDZL8LuiPym_A-8S9eqeTjo71BWnoYJoLHqKnIAl0DpzIuM8c_xKxkdYdNRm6FgMiO1Uq3zS;18.518833;73.8592252;ChIJRUy-_mXAwjsR72Br8UYw0Ug;3.6;30;"['restaurant' 'food' 'point_of_interest' 'establishment']";"GV95+GMQ Ganesh Road Phadke Haud Kasba Peth Pune"
Pune;Pune;18.5203;73.8567;India;IN;IND;"Mahārāshtra";"";8231000;;"Cafe Crush";https://maps.google.com/maps/contrib/108747728957117031591;"Hatim Ali Hussainy";AcJnMuHUL8aa4ewORkq18Jful6dKDuauErQQVDvaoK67aKt7ZymFSabEce_MuAvISSverp5p0VxTDH-0yaSLbR3xJ4Qzd64MAvvd0SqXBaDEmnB6V23R7YSTS-COSH0FdzLq4WVhewb_kEz1peOw5Tgn2BbsIczV_eKcB5pQ8Euw0b3YKKyq;18.5163778;73.8546898;ChIJF6bLxm_AwjsR_7hPQn1Zs6U;4.1;34;"['cafe' 'restaurant' 'food' 'point_of_interest' 'establishment']";"40 Jogeshwari Lane Tulshibaug Budhwar Peth Pune"
Pune;Pune;18.5203;73.8567;India;IN;IND;"Mahārāshtra";"";8231000;;"Hotel Lajjatdar";https://maps.google.com/maps/contrib/116595161977236704884;"Sachin Shilawane";AcJnMuHTPICZ6vjyCQTvN8cX7wU_dZA3g0-rjHh8k4JhQT66dy2HnjG-kp5QHv207W1CKNzk9f4bjyoR6S_PX98TLPI3YNj8cAdyxDiw-EHwnS9dSPdSY8jvj-xoYahiofuX1-chsTmL8Aq8GVFZqVkOwQ3j6D20l2H7ed934So0UbldHw1C;18.5156067;73.85764820000001;ChIJyYrrB2_AwjsR6bMKcHpK3yQ;3.8;168;"['restaurant' 'food' 'point_of_interest' 'establishment']";"856 Near City Post Office Next To PDCC Bankvijay Maruti Chowk Laxmi Road Pune"
Pune;Pune;18.5203;73.8567;India;IN;IND;"Mahārāshtra";"";8231000;;"Ronak Pure Veg";https://maps.google.com/maps/contrib/108141408731206031753;"Chirag Chotai";AcJnMuEfSWa_d1HKpU2Ai3-ZNjEloiy4jYwhk0DPezfwZZ0YXQgiYrYSSyyCk9zScEMq7HXb6RVmsXmczJ9RmSOq9E7gLSO_s3nCJn9ZyAB6R5UT0DhC78OhrkIyIE5QscdzXk1mwbBvO8awbod2iWuGWJA62Stkl9z-gmjD8ooBoBZL6L9-;18.5145022;73.854411;ChIJPUOROm7AwjsRl5K2bCAEV-I;4;265;"['restaurant' 'food' 'point_of_interest' 'establishment']";"Tulshibaug Internal Road Tulshibaug Budhwar Peth Pune"
Mumbai;Mumbai;19.0761;72.8775;India;IN;IND;"Mahārāshtra";admin;24973000;;"Trident Hotel Bandra Kurla";https://maps.google.com/maps/contrib/115481549731382816212;"Ashish Kaushik";AcJnMuE6caOQsNw1jmWgw0Ub9O6uBM8J_2p50PvoWcf2y9TEcGchv2fDvU45Fth6afqFxZ5eNbllaKsJGowbmLPn07W8F0EA2ad-9zu-fHbxcjry0PVysspaGmJBCb98mfIF32YL_noc0WF6OzkVUDIheNRAWv8rcoalRu5eHpXcUYtIEkCx;19.0666028;72.86743179999999;ChIJIagRS-nI5zsRGLstOKTvrHQ;4.6;25417;"['spa' 'bar' 'lodging' 'restaurant' 'food' 'point_of_interest' 'establishment']";"C 56 G Block BKC Bandra East Mumbai"
Mumbai;Mumbai;19.0761;72.8775;India;IN;IND;"Mahārāshtra";admin;24973000;;"Kohinoor Elite";https://maps.google.com/maps/contrib/102937223750892811479;"Harshit Anand";AcJnMuHeTCOXwEoiF8lLp6u968EdPlZ7cjI-sY5WvXo2Wf9lP6sLsZBvwDd3N_0wa1N1GIRBa59XSXQMdgnZhmD8toznAS75FvLujCXLGxa4ZZeNW6nRwZ-oeqDCVuQ5uf4NqwqQwr-YLjWcNP3CHFYgABkxzjszACevBBRLVfEotrqrQ0mi;19.0806968;72.885526;ChIJS7bELI_I5zsRerwdkCoB21c;4.1;3792;"['lodging' 'restaurant' 'food' 'point_of_interest' 'establishment']";"Kirol Road Kurla West Mumbai"
Mumbai;Mumbai;19.0761;72.8775;India;IN;IND;"Mahārāshtra";admin;24973000;;"Pizza Hut";https://maps.google.com/maps/contrib/113169649292296144851;Be.bhukkadd;AcJnMuGFV7Goa0StLeEjZfuBIFMMAHha9LG7oIKl5AQRMEIWofO15JcmF8JrL48wPWd5k43k9reRwzsRZ--AWXxikKYPso5RQ9VEf_X0S27VSmAYZX27AsxrRyFSXnszGL0qTcYyyTz7i1fYVx2XK5pm_u8gWUmpZdD5BZ-ZzvdN1XVyVXr0;19.0697272;72.8683322;ChIJ0Unkie7I5zsRjvSZ502SXe0;3.8;1853;"['meal_delivery' 'meal_takeaway' 'restaurant' 'food' 'point_of_interest' 'establishment']";"opposite MMRD Ground Gr Flr Bandra Kurla Complex BPCL Petrol bunk opposite MMRD Ground Bandra East Mumbai"
Mumbai;Mumbai;19.0761;72.8775;India;IN;IND;"Mahārāshtra";admin;24973000;;Soma;https://maps.google.com/maps/contrib/111179356286052654979;Soma;AcJnMuEspqkILfdF57IDf8URsmxzQITdZJIP5jBCHTcDavohc0HtEoeLEW6TUVIOx0JdstHUXxPpQAIhIqko2PXZioWvK5vYecLYTr8AYum5kG_FshcCfKig-H2XGL-DuAyVbx_M_B8iXq-6etuStayHaHVmcemxHDwXv0BxcvXUDpFl3vlr;19.0781118;72.8512484;ChIJ3yrXAQLJ5zsRW-BKiZgBHl8;3.7;71;"['restaurant' 'food' 'point_of_interest' 'establishment']";"Grand Hyatt Mumbai Hotel and Residences Bandra Kurla Complex Vicinity Off Western Express Highway Santacruz East Mumbai"
Mumbai;Mumbai;19.0761;72.8775;India;IN;IND;"Mahārāshtra";admin;24973000;;"Nityanand Restaurant - Pure Veg";https://maps.google.com/maps/contrib/104535378324184864697;"Mustafa Rangwalla";AcJnMuFaoUrJpArZ4UffglFqd_q33wImbPR631mJgL_fTqWDRY_zGV5rtU6x70oAlYTxRhWS0_zv_UCsXYhvpHIRRwnmTt4BIb7RkNTnsER95L-MUOGQ0GeZPQChmZAGSSZhyxqSFOPGTWNmGl8izEe4mYlb9OzAmHtvzF4P13MxjqGYKYF1;19.0717386;72.864436;ChIJRVR9ciHP5zsRpNfoQ2KJjgE;3.8;3739;"['restaurant' 'food' 'point_of_interest' 'establishment']";"297 Central Salsette Tramway Road Vidya Nagari Kalina Santacruz East Mumbai"
Mumbai;Mumbai;19.0761;72.8775;India;IN;IND;"Mahārāshtra";admin;24973000;;"Monginis Cake Shop";https://maps.google.com/maps/contrib/118178129402761414989;"Kunal Mohite";AcJnMuHYwKGvTFg_DCCC4hSrNPIMSjaaieodGQK8RP4ZE-IDL1tvMJ4F4JHttcGfNDKlRVx8gcc_F26RF27Phag3c36HIe6WbwWONwcsleM4lUyBrJMqRLIjdOb2BvaFsLmKNcy2NesHDy_KQbUmBMPeIPyDYgP0vEPxPvTaRytgdMlyao26;19.077864;72.8651982;ChIJVVVVZfHI5zsRlmC0Dja37R8;3.9;97;"['bakery' 'store' 'restaurant' 'food' 'point_of_interest' 'establishment']";"opposite Kalina Shop No 2 Golden Arch Society Kalina Kurla Rd Old Kalina Mkt opposite Kalina Santacruz Mumbai Masjid Mumbai"
Mumbai;Mumbai;19.0761;72.8775;India;IN;IND;"Mahārāshtra";admin;24973000;;"Arvind Hotel";https://maps.google.com/maps/contrib/112490221553463694651;"Narendra Mehra";AcJnMuF4Wwftb3x2lJx-4hrtZUvr5McEKBWmGH6yHxp6vktmbbGueV0dNtsGibStTDYtdJtLJI3UG728RlSZkVLntA-wcZhSMD0-26Gm_OM--sfbE2M3kSl53A42ZUUzedbbJfy_ujeaMC2zhRMtNhuAfIhKbmR6pux8v92Nq8SEv2Ih_3NT;19.0777199;72.86552809999999;ChIJXTFGUfHI5zsRJwBjKZrrQvk;4;401;"['restaurant' 'food' 'point_of_interest' 'establishment']";"apt shop Gwens Apartment 2 Kalina Kurla Road Santacruz East Mumbai"
Mumbai;Mumbai;19.0761;72.8775;India;IN;IND;"Mahārāshtra";admin;24973000;;"Shahi Biryani Corner";https://maps.google.com/maps/contrib/108070280968186164744;"Rpn Relocation Pvt Ltd";AcJnMuGON2JWQlIjxpIGgcHwzjQq-3CpDkPsZbsAhvvMxYO7ECcg6FCFuQg38kYYoJRs8ZOhagu1QbhIIvm6NbK9dm0G7OkJVdUIbxngJHmeIJNtkT-0NZtIFhvJE99r6j6nD7OK9c3qVWlL1sudILqS_4mbc-61sktUY7dGlmqr-sZOApmM;19.07565049999999;72.8798925;ChIJzbggx43I5zsRX0OAO_40Q4U;3.8;6;"['restaurant' 'food' 'point_of_interest' 'establishment']";"behind Rahul Wines 5 Satyam CHS Kalina Santacruz East behind Rahul Wines Mumbai"
Mumbai;Mumbai;19.0761;72.8775;India;IN;IND;"Mahārāshtra";admin;24973000;;"Poisar Health Home";"";"";"";19.0759837;72.8776559;ChIJRVR9ciHP5zsR9W9muNYSXlE;"";"";"['restaurant' 'food' 'point_of_interest' 'establishment']";India
Mumbai;Mumbai;19.0761;72.8775;India;IN;IND;"Mahārāshtra";admin;24973000;;"Essence Of China";https://maps.google.com/maps/contrib/116083836950312389745;"Meet Rachhadia";AcJnMuEz5RPjxn1KJfWVKeYglEJZB-I0PkGpY7fZKbuDDzBx0_TQDFobcxmV2EvaPaBg30FRXCKT4cEzaLbFTqu5gWV13tbCpm7qkGgteYP100-fNwXGN5CACXsPZ1rbGfenlQqOcsY26opr2O4vetKNaRYtROgj-eq7Xuh_tc3ZkNoQ0vjU;19.0866723;72.8903036;ChIJnda5fH3I5zsRiFxpWanRB5Y;3.7;170;"['restaurant' 'food' 'point_of_interest' 'establishment']";"Unit S - 05 Lal Bahadur Shastri Marg Kurla Mumbai"
Mumbai;Mumbai;19.0761;72.8775;India;IN;IND;"Mahārāshtra";admin;24973000;;"New Sahara Restaurant";https://maps.google.com/maps/contrib/111759340373153976136;"New Sahara Restaurant";AcJnMuHQpoiUnPYkwaZPFrgFb94d10tyL-6oOOFMpbEIGP7WvzxPq4nlq7-TWCtDW0avXmP1OnhvpAe6OCd2vIC235GWBtDjkCN7hZptToB-82G-Xoo7h60WdpJAB7fqOllz2STloj5dHTYQjiSfiTVwcv8gtJBEtamC5E1o4V6ar4xERGAx;19.0748809;72.8767909;ChIJffXFao3I5zsR27N2co4nmJs;4.6;55;"['restaurant' 'food' 'point_of_interest' 'establishment']";"opp. L.B.S Shop No.11Gulab Shah Estate opp. L.B.S Lal Bahadur Shastri Marg Kurla West Mumbai"
Mumbai;Mumbai;19.0761;72.8775;India;IN;IND;"Mahārāshtra";admin;24973000;;"Domino's Pizza";https://maps.google.com/maps/contrib/113711699098961501434;"Harsh Kumawat";AcJnMuGEFhRTqwf6cD_1qhz1SFJarj16v8ZopWtP2dxgGY8Tx586WWuNULpMUK5ydgJQ42ESiqCQjgUcNgVgjcNvX4gtb4-XHwhI0NJbbCT5Z6IlOuuc3ET6RpBxdbF7HVNJ766l188wnQQ1yNWSEHjTjrhv2W3OnuCrD0eCqMZyKlNl2A8t;19.0748054;72.8762935;ChIJA0JGR43I5zsRUBbzo4O7IIE;3.6;2030;"['meal_delivery' 'meal_takeaway' 'restaurant' 'food' 'point_of_interest' 'establishment']";"Kanakia Zillion Shop No 2 Ground Lal Bahadur Shastri Marg Kurla West Mumbai"
Mumbai;Mumbai;19.0761;72.8775;India;IN;IND;"Mahārāshtra";admin;24973000;;"The Lucky";"";"";"";19.0756838;72.8798985;ChIJZaDoxo3I5zsRv029ugF1Has;4.2;10;"['restaurant' 'food' 'point_of_interest' 'establishment']";"3VGH+7XC Kalina Kurla Road Santacruz Mumbai Friends Colony Kismat Nagar Kurla"
Mumbai;Mumbai;19.0761;72.8775;India;IN;IND;"Mahārāshtra";admin;24973000;;"Shalimar Restaurant & Store";https://maps.google.com/maps/contrib/110910415327441135706;"Shalimar Restaurant & Store";AcJnMuEULUxJtI3XoUUjLtOtM8M4Sp561kxxQQWalEP6GgNr85y-oWXRp47Zz0ZowwsjunaBzcZ3J5XjvGHZZqVADNNGHPZtD-TOMlSd9u2KG-8gG4x8b4vyGIViySpfVmWi9IgzthA7m2B8rmgVOV-go22RmG5I7Yx6xCUntKG4w9gfmV7H;19.0783633;72.88037419999999;ChIJletROI7I5zsRnqvzRTkho30;4.1;1141;"['restaurant' 'food' 'point_of_interest' 'establishment']";"opp. Habib Hospital New Mill Road Kurla West Kurla Mumbai"
Delhi;Delhi;28.6100;77.2300;India;IN;IND;Delhi;admin;32226000;;"The Oberoi New Delhi";https://maps.google.com/maps/contrib/110611388796494251041;"The Oberoi New Delhi";AcJnMuF6sFadpDhSXQDDSJtWryuSQ357pynLUHqE5cugKbZ17pK8VON1LIIL1zhaNGYa5c5HcCyzbR3HiEyyuN3xp3PEHgqw2uPdQcRJ0rmNQf1kGv5m2T6NnW9jSyLwbtf0fozuf1fRunqCxnTooF5uhrlM2Io4fUQbI9YadREyD0mg2-rl;28.5963001;77.2396602;ChIJDbwn9uHiDDkRBBQtqfRdwkA;4.7;14700;"['lodging' 'spa' 'bar' 'restaurant' 'point_of_interest' 'food' 'establishment']";"Doctor Zakir Hussain Marg New Delhi"
Delhi;Delhi;28.6100;77.2300;India;IN;IND;Delhi;admin;32226000;;"The Imperial New Delhi";https://maps.google.com/maps/contrib/109736027308611637775;"The Imperial New Delhi";AcJnMuEJcrHj8X7Sc5Z7lHAzuwI8GTimACImzgnH8FMCXhAJN8MwF2xaHOZ6NVWlD8LtxOk1nRgyriwcJ7vzcUOM6EM41DNQXhTilNjuSRDUqsd1_Uc7OfWvm8ijIowiS9zXX0hdQJhf_DC3Dq3RW62AgIekr3vKpriVgz1VOL7_GvR-eLed;28.62501779999999;77.21822759999999;ChIJd-QC6zX9DDkRqWwtu31Dj84;4.7;7668;"['lodging' 'spa' 'restaurant' 'point_of_interest' 'food' 'establishment']";"Janpath Lane Connaught Place New Delhi"
Delhi;Delhi;28.6100;77.2300;India;IN;IND;Delhi;admin;32226000;;"The Lodhi";https://maps.google.com/maps/contrib/110207035457616227864;"The Lodhi";AcJnMuHaZp3eJ1-9TbXnisaiPi0fJUUppaZssTcl8IGrj4_j5JWGFKtBgKjlOMT8nWbTdKvI87WMvV4NKzEd_1-XDEpisWKdF3q3OTGNffg4_fNp4INlo1ZMecKncDoZk6Fmyqu9lgVyslpew7v7px4DX9IZLDhoI3My5YodrF8xwaFKIb4W;28.591834;77.2381782;ChIJDaWrNO7iDDkRjGd9KR2dnw8;4.6;5665;"['lodging' 'spa' 'restaurant' 'point_of_interest' 'food' 'establishment']";"Lodhi Road CGO Complex Pragati Vihar New Delhi"
Delhi;Delhi;28.6100;77.2300;India;IN;IND;Delhi;admin;32226000;;"Parikrama The Revolving Restaurant";https://maps.google.com/maps/contrib/108422129952803929352;"Parikrama The Revolving Restaurant";AcJnMuE2W7eJJv6hrh1rQgqNrknqriFvNIncAm35dbMm5hrsBLtW9OwBxiUda2BBmqgF37o7qyGt1BiveSt2lYkzg0Ai7Cmvtu6PV2IpB_IHdPin270Jh5YogCmDiBwpmo_oOgnbLJeB1UcJ2u58YXa0dDSY0eaT-ZH2QNgRY_9OAxF1wAKU;28.628619;77.22301399999999;ChIJ7WmDCDT9DDkRPbwwwSOlWBw;4.1;10457;"['bar' 'restaurant' 'point_of_interest' 'food' 'establishment']";"Antriksh Bhavan 22 Kasturba Gandhi Marg Barakhamba New Delhi"
Delhi;Delhi;28.6100;77.2300;India;IN;IND;Delhi;admin;32226000;;"McDonald's";https://maps.google.com/maps/contrib/106591357903787061525;"Vikas Sood";AcJnMuHVdmCxmwUZe46ReurRQSedjOJVyX5xFDOLUdU4L2F4pNuZGuJ8VkJK8KS9vX3APn9tRwX-cSxt1lT-evfZM8ZnLFTfUNkP0fkuBuRrLfqIMHnm7w1Nso7GowLYChrne-NekPclXUBk8bQ8YhD9tswggtPgs1gKQI_NtU4_-R20CBlw;28.6265736;77.2196123;ChIJvWix2jX9DDkRF6zXobyXRV4;4.3;7674;"['restaurant' 'point_of_interest' 'food' 'establishment']";"Shop No. 42 Tolstoy Road Janpath New Delhi"
Delhi;Delhi;28.6100;77.2300;India;IN;IND;Delhi;admin;32226000;;"Hard Rock Cafe";https://maps.google.com/maps/contrib/105357812867152114750;"Hard Rock Cafe";AcJnMuFHg-i16RtUjKee3cvKw8g1jKo_kbVyarP4qBq83NOBvTbx9ZI9avPX__O76osnBQbzd1DqxaQXES4Y161P_eIY2UAfe84SjqmLEbrA1bmpvx47fUjn9KsfOWu08ZBcuN7E9cOyBZWadrxTgTn9e78VactKLmRvDZ5bBLM3s8rfeZMX;28.6289243;77.2196257;ChIJbQ3c0fThDDkRC7IAMdZhv4w;4.2;2108;"['restaurant' 'point_of_interest' 'food' 'establishment']";"Showroom No.1 Atma Ram Mansion Mandi House New Delhi"
Delhi;Delhi;28.6100;77.2300;India;IN;IND;Delhi;admin;32226000;;KFC;https://maps.google.com/maps/contrib/110810042731765135805;"Ayush Pratap";AcJnMuE8pJLBL7wQAG28Dtp0ecf3GvqAETU2L7tm5tx1Lfhw4WWbSzEYtR86PixK-Oom_vfA5kytKl2oEZ0--jTrJBD4H893L1E-0D_hV-uCn1ijjdLgY6Y1nS5Qm7c8BAX7H8BWhsQW16vTQM5Byp0CUDOQhJVHxrSSPtgD7iWhLbEC7Wqf;28.6297322;77.2201032;ChIJMwcsfDb9DDkR2OWj1aeTgcs;4.2;14410;"['restaurant' 'meal_takeaway' 'point_of_interest' 'food' 'establishment']";"No 6 & 7 Scindia House Connaught Circle Connaught Place New Delhi"
Delhi;Delhi;28.6100;77.2300;India;IN;IND;Delhi;admin;32226000;;"United Coffee House";https://maps.google.com/maps/contrib/101636459771776831551;"Aaditya Mishra";AcJnMuGCSFERr_ZjBOSmJs7YM7GmbwDG_fxzxGX9hzbdT0SydkI7Wg2Vwgb0H3uW7GnegTyrzweLsa4Fc3e0y-D9FW_WLNbfcKsKQGxhfmYkhWh_mZ0WiNEXLPXUueKRQYP2FQMYWb_-Wg-0UbkgJJo1XsD0qtegf5FUwIpPCoyuKpkBIfC8;28.63245749999999;77.22138360000001;ChIJhX7CHTf9DDkR86n_kiLOXkg;4.3;10146;"['restaurant' 'cafe' 'bar' 'point_of_interest' 'food' 'store' 'establishment']";"E-15 Rajiv Chowk Connaught Place New Delhi"
Delhi;Delhi;28.6100;77.2300;India;IN;IND;Delhi;admin;32226000;;"Cafe Lota";https://maps.google.com/maps/contrib/112258566583954590905;"Cafe Lota";AcJnMuExgEW64Eb4AA_nQUsjeAu9Csjfz8PI5UsVcDTtgoUaFqKSa_9Tm3SxpnEq5qiMqSbrfatiAfG-HqHn4CA6YTYZAcTG8FQ8SPEbQNu7hkkeQetZ4tZ9ff50zY2eEEHso9zOPXIr0h6up9hK6Nuw0rURNYBFybaLqXHJ7kY_8ZJcWTPp;28.6134591;77.2425038;ChIJP_oFxSfjDDkRG_HG59ndSus;4.4;3076;"['cafe' 'restaurant' 'point_of_interest' 'food' 'store' 'establishment']";"Gate No. 2 National Crafts Museum भैरों मार्ग प्रगति मैदान नई दिल्ली"
Delhi;Delhi;28.6100;77.2300;India;IN;IND;Delhi;admin;32226000;;"Out of the Box";https://maps.google.com/maps/contrib/100962264099818061787;"Out of the Box";AcJnMuGTJg5mqOvmY8BgxVHl_scbThzEqI1Bp6myH8qWg4RV2vnaQc4C_ZvT6gnf87bsNOSV1_ii7MYB4rPjtxoqs57mT6-42761sNRJt3sna4WM5-IL-H763vpj-UnRrnIP7D4be95J50qR7uxhe7PE2WYGrqaawlyzI6czn454nW1GKG0j;28.599719;77.226145;ChIJAbM0teniDDkR3tszjDvd0kw;4.3;1979;"['restaurant' 'cafe' 'bar' 'point_of_interest' 'food' 'store' 'establishment']";"5 Khan Market Rabindra Nagar Delhi"
Delhi;Delhi;28.6100;77.2300;India;IN;IND;Delhi;admin;32226000;;"Larry`s China Restaurant";https://maps.google.com/maps/contrib/115466092419911375666;"Anuja Mathur";AcJnMuFi_Qz96z2QtHZ6tuAUYpLlxgyn9KI-C5WCwOhtQpUoKkBA9NtYypw7Th-rUSbfUrk8bx3v-hcvjWkJWhv9fwb2_9WMU-1I8Q93R6Q-CZ18s3m8OYtOhqZM8y-NOt2XI6xVgRTkEeYqWSPOihR7VWQ1Nj_VlSWWIz-OEBRjC9uJ0Yiw;28.60195259999999;77.2287667;ChIJiezrnjD9DDkRSMb6k8ecnpo;4.5;151;"['restaurant' 'point_of_interest' 'food' 'establishment']";"Subramania Bharti Marg Sujan Singh Park New Delhi"
Delhi;Delhi;28.6100;77.2300;India;IN;IND;Delhi;admin;32226000;;Soy;"";"";"";28.599947;77.226725;ChIJw0XPN-jiDDkRPF1G3w2o7CM;3.8;9;"['restaurant' 'bar' 'point_of_interest' 'food' 'establishment']";"Unit 58 Khan Market Rabindra Nagar New Delhi"
Delhi;Delhi;28.6100;77.2300;India;IN;IND;Delhi;admin;32226000;;"Giani's";https://maps.google.com/maps/contrib/114324150596929005045;"Racha King";AcJnMuG7uA8MHMaY31ed8X8nBdZpkzFJcboF9Xw4EXgopDYBIZyQwnPg2L7Q5NHoDgiaLFNt1cQV52lKqIdrHr4DHcvsXnQ7tvgqMpOeMoYChEgUoAsg4RGZMHYq3B7OOQPMYoUjkpL5_ia0BW1OnRVJKjOa_G2zc-HcvtPeaEaaD8dcFYjw;28.6079277;77.23006459999999;ChIJ9RBAUNviDDkRExziVFTpmH4;3.9;38;"['restaurant' 'point_of_interest' 'food' 'store' 'establishment']";"J65J+52G Pandara Flats India Gate New Delhi"
Delhi;Delhi;28.6100;77.2300;India;IN;IND;Delhi;admin;32226000;;"Bikaner House";https://maps.google.com/maps/contrib/111564788308475017461;"Mohd Saad";AcJnMuEABbtURezGn3aTEucFwJnKWEjcFXMp3YY_RklVw-jV52M-Gj-r7ZxFMBPtx2ICrmAE4az0T06r3nu7tWOs9Rm1rIOfxtaUvgerZ-CKyR6jD2VKtdUMqxIxiHH2NyNBoVFJW-BjKPcyNaxgUHrYCM3tc-zIkQUkL2crMojywUh-RyzH;28.6090244;77.229936;ChIJad1vlHLjDDkRtt7_x7ZV4ss;4.4;1527;"['restaurant' 'point_of_interest' 'food' 'establishment']";"Bikaner House between Pandara Rd & Shahjahan Road India Gate New Delhi"
Delhi;Delhi;28.6100;77.2300;India;IN;IND;Delhi;admin;32226000;;"Chor Bizarre";https://maps.google.com/maps/contrib/114416181219744538463;"Chor Bizarre";AcJnMuHjVbBLo7HJJfJxpw62Fzxv83bNgIhjUtcj1C2kS4Ew8rkIeCwTu60ep0xh36OT6lDpxOGLWycHSvE5ljyVffS44qL5f7HKH3Dwq3MNXXvU5fGtELf5OF7kGJ5KjlCvnJGoAsD41zt5fmmkrINbq-G3DzHlrUXzZ8yTeYQ9of2hP1kz;28.6086625;77.23017279999999;ChIJaeHAONviDDkR8PFcqC-J6WE;4.5;2391;"['restaurant' 'point_of_interest' 'food' 'establishment']";"Chor Bizarre Bikaner House Pandara Road India Gate New Delhi"
Delhi;Delhi;28.6100;77.2300;India;IN;IND;Delhi;admin;32226000;;"Pindi Restaurant Delhi";https://maps.google.com/maps/contrib/103159120514932589880;"Pindi Restaurant Delhi";AcJnMuEPB22ml1yWQnzzE4oIxzbLpEwDNUPluoaXgVwyLq-MjutOd3jZcsYlCks7L7PYeciDJBVUIYOazLGDxqpssvfIQxk58jXZKkqGYnHx_IF4NPIw3U-g-UP7bCtifuNmrcQ53UrOmzUXIG31pRpQMpY-b-PI2xmB83eY_-bHLrlxqEbl;28.60789909999999;77.2296411;ChIJ4cGusFP3ZxQRiylydpgVif8;4.2;2688;"['bar' 'restaurant' 'point_of_interest' 'food' 'establishment']";"16 Pandara Road Market New Delhi"
Delhi;Delhi;28.6100;77.2300;India;IN;IND;Delhi;admin;32226000;;Varq;https://maps.google.com/maps/contrib/114357845846954412014;Varq;AcJnMuGUQvFGvpsbVTaVOCWPQJRtYQqK_w_XKSCFZcaKPiCoB5IOT3-_gi2PC13Xdl8vTE3shRic-ko1hque_q1C5iYWLYr6cqYXGXr13FaS0Hoyw6YIo7F_rEs3Cc9alA4wrAUZW4TioIHT5KouAfxd_mZ0vaGZEmUNrt9qr36cJhlijWfK;28.6050465;77.2236236;ChIJMR0q38PiDDkRw6OzHi_v-tI;4.7;1876;"['restaurant' 'point_of_interest' 'food' 'establishment']";"The Taj Mahal Hotel No.1 Near Maan Singh Road Khan Market India Gate New Delhi"
Delhi;Delhi;28.6100;77.2300;India;IN;IND;Delhi;admin;32226000;;"Wasabi by Morimoto";https://maps.google.com/maps/contrib/103175380463090764620;"Wasabi by Morimoto";AcJnMuHMp3hOyPjYlexyuWXDcLbNrjkRqTBb57AVYYQ6Jeam9OEDVw5e8OvlHvYVOl4EJz-DgPcRmX8yOzm7ZZ8lkya_GcXArhYKWn3exSBYibOEJDXYD9jtwKm6GPDU-4-13275eyAFsIQhSxnRo9emSCtdOFd-QITLE6DMNz_xbQ8sMKyi;28.6050333;77.2235424;ChIJL50eTbfiDDkRs2gRokDaPN8;4.8;1732;"['restaurant' 'point_of_interest' 'food' 'establishment']";"The Taj Mahal Hotel near Khan Market No.1 Maan Singh Road India Gate New Delhi"
Delhi;Delhi;28.6100;77.2300;India;IN;IND;Delhi;admin;32226000;;"The Chambers - Taj";https://maps.google.com/maps/contrib/104292323629620784147;"Raviindar V Yadav";AcJnMuE5V8XKVxK0KKwTUPgNAFSQ1HGCFXU9xm-JrWZaTrlL6ybdwtazYzMtRuT8F29VBY9FFmwIUwLj-21coa3uPhQO4i-m6_qyz2_RSA8OlvkXYJCg34Rr02SGkj0r4yLIhFhXwod79YjVaHNkoAnevgGyH0_RX73-aSxcxYAwUe_m7uSy;28.6047628;77.2238177;ChIJLzr42sPiDDkR9sAF3A1YTWc;4.8;410;"['restaurant' 'point_of_interest' 'food' 'establishment']";"J63F+WG4 South Block Man Singh Road Area New Delhi"
Delhi;Delhi;28.6100;77.2300;India;IN;IND;Delhi;admin;32226000;;"Emperor Lounge";https://maps.google.com/maps/contrib/111916037712763676829;"Emperor Lounge";AcJnMuE5zEgLH115GSnI0BQNALlJII7iLPgeR-BBcOPk8UWTTNawOWnxzIZnqP8YClARGdvKpme8NB1CIaKQrsRHwLTntcwiMpczwzmE8U0iGgF9z34Mg3YlFoy-ptZo6annx6SoGPFV-dHAzdBBOVoWu5qgq3cZq0MbhteGWsTmoWy1kXdC;28.604906;77.22340299999999;ChIJMdvP2MPiDDkRTIQVNwFCXyQ;4.5;110;"['restaurant' 'point_of_interest' 'food' 'establishment']";"The Taj Mahal HotelMansingh Road India Gate Near Khan Market 1 Taj Mansingh Hotel Road South Block Man Singh Road Area New Delhi"
Ahmedabad;Ahmedabad;23.0300;72.5800;India;IN;IND;"Gujarāt";minor;8009000;;"Paramount Restaurant";https://maps.google.com/maps/contrib/114033076485085471737;"Paramount Restaurant";AcJnMuExvZ7Ur1Yb4YWSsmxQ5cPeZIlMbCAoQTFvXvIG4tbs8uvg7Y30mlbpEZqGlwK0q2Kn6yRL5SyUlK5Gb647_6NTWgCAqJRnr7QCjHx_wbzxmDmNI9uphHDvMLIq7ru90ZabEXVYV68irFCt5PfOKIM6w861XpiN4Ak-KjwTLUcR1I-2;23.0246668;72.5824028;ChIJG44_j06EXjkRPirFtZQFfKk;4;1122;"['restaurant' 'food' 'point_of_interest' 'establishment']";"काली माता Mandir Bhadra Road Opposite to भद्रा Lal Darwaja Ahmedabad"
Ahmedabad;Ahmedabad;23.0300;72.5800;India;IN;IND;"Gujarāt";minor;8009000;;"Nutan Restaurant";https://maps.google.com/maps/contrib/109071180167865712712;"Ronak Joshi";AcJnMuFsh43__mZl9msToHYi4km4Og0oBZNqQwwsZGme_nKc6tD3AfwWYMDI9BP6ySiKmL8Pk6ZLpvw3HaHE4C7j0UQ1twkUf-op-UsIb3JxORdcllbyeFthO3Lf9JFyCIm2NiKRs5IfJR1CoD6N49JgIWd09rGiusI3BjI94K4OR5jdmZrL;23.0279827;72.5814852;ChIJVVVVpVGEXjkRJvonitdt-Es;4.4;992;"['restaurant' 'food' 'point_of_interest' 'establishment']";"2HHJ+5HX Shankar Chambers Miljapur Road Lal Darwaja Ahmedabad"
Ahmedabad;Ahmedabad;23.0300;72.5800;India;IN;IND;"Gujarāt";minor;8009000;;"Kalapi Restaurant";https://maps.google.com/maps/contrib/106859340371503084547;"Chirag Vala";AcJnMuGBDRBnNqi6zR1xUXSdShZVd818jPzx_wIA_2Dm6kshVokjovQDbvsh25ig1VakmkMv5vvggxQnn6oMNldslomEtbkP3-2EMTItgqo4TRKvURr568a1h_dT4hmiHA3UmDvV8Z9G7VwAPXStCkfr4SZLUSEYunL7CJ3CQCz8TV4Jt-RA;23.0257083;72.58155490000001;ChIJVVVVpVGEXjkRAm7fkQKKLZE;4;534;"['restaurant' 'food' 'point_of_interest' 'establishment']";"Advance Drive In Road Near Electric City House Lal Darwaja Ahmedabad"
Ahmedabad;Ahmedabad;23.0300;72.5800;India;IN;IND;"Gujarāt";minor;8009000;;"Relish Restaurant";https://maps.google.com/maps/contrib/100392257076705952518;"Mansuri Ajju";AcJnMuHJjiSfnhyzvAbcDik_d0Cb_AexTlgQsW3tbJbuefjtEPQ_5oPSe19VA02QUJ7zPc4M_AzcE9rmQ1VmosRUxt_6WX9rgEheIW9QPCcQiitkNnKXC4lW_YXd-J__sYdvrm14sYaMRFbw_OPRgnZy4wXjktQ8UqRWu1i8GPa3meaWVzF1;23.0290034;72.5777435;ChIJuzkGnFqEXjkRwAhsqodZJIc;4;168;"['restaurant' 'food' 'point_of_interest' 'establishment']";"opp. B.M.C Bank Khanpur Road Hotel Host Inn opp. B.M.C Bank Khanpur Ahmedabad"
Ahmedabad;Ahmedabad;23.0300;72.5800;India;IN;IND;"Gujarāt";minor;8009000;;"Lucky Restaurant";https://maps.google.com/maps/contrib/109920382484767805870;"Jayshaktiman Shihori (Shakti)";AcJnMuHhZKCa6oZOJIwCwHSVSwqP5UGTHa0FIdQeexULanlsEfwKX_lETnuMwh_l35Dv3XR5YwTUwDfUEhVSh6g7ou-FxG-YJKEnmCAFyuVsg3jlLwMt-AVUs_0uBDwmSvjzY8WUknCR88I6vXAvxL6UbI3fE3VfMvKayyzu2yRWcVYY70Uw;23.0277224;72.5812211;ChIJiWwV306EXjkR11SOkNFh1tY;4.3;4153;"['cafe' 'restaurant' 'food' 'point_of_interest' 'establishment']";"opposite City College Mirzapur Road Lal Darwaja Ahmedabad"
Ahmedabad;Ahmedabad;23.0300;72.5800;India;IN;IND;"Gujarāt";minor;8009000;;"HONEST NASTA...";"";"";"";23.0314278;72.5826131;ChIJN3YcqEWEXjkRJbw9m-mLdMY;3;4;"['restaurant' 'food' 'point_of_interest' 'establishment']";"Fish Market 38 Maulana Gazanvi Road Mirzapur Bhadra Ahmedabad"
Ahmedabad;Ahmedabad;23.0300;72.5800;India;IN;IND;"Gujarāt";minor;8009000;;"La Vista";https://maps.google.com/maps/contrib/116948229699893011139;"Dr Shyam Vachhani";AcJnMuGuWODFas-_A-Aq5_7dY2OJ2yCQYx9x1EC2Rvsbm-X1e2tXVpBcHgt0baSYrUoKtVbzUKbFEquazo8Baxl2176tsDgGp5SYL10zyCIEL8RgCIyzzT_wXwtoFargq9nOVTb9suNqKZjfEtkkKYc07gzVpSq28yxKKKnsPgOvYdp1yBEk;23.031931;72.5769576;ChIJSQnlaEWEXjkRj5HZCcnwwoY;3.9;12;"['restaurant' 'food' 'point_of_interest' 'establishment']";"2HJG+QQG Cama Hotel Khanpur Road Near Bhadra Shahpur Khanpur Road"
Ahmedabad;Ahmedabad;23.0300;72.5800;India;IN;IND;"Gujarāt";minor;8009000;;"Kutchi King";https://maps.google.com/maps/contrib/112900392908948218904;"Kutchi King";AcJnMuHaGju3CRLAg13Ru43lE9hyyEALb9IbLgRHxWMxmR7W47EEv7n1D6IZ96FOQLtbiH_3jtIAIy00w8mt0IoDVOD6h6CbybIOV2RSppXsJ2wRpnreRyhs8JtLkqZU79lCHtch3gfdwVgbgQadt_R7z6BnQ8ms1ZzMBe2F3gDoiBfUgfsI;23.0265026;72.5843411;ChIJiWwV306EXjkRRourrUpKDLo;1;1;"['restaurant' 'food' 'point_of_interest' 'establishment']";"487/6/1 Mangal Girdhar Complex Shahibag Road Dihli Darwaja Ahmedabad"
Ahmedabad;Ahmedabad;23.0300;72.5800;India;IN;IND;"Gujarāt";minor;8009000;;"ZK Fry Centre";https://maps.google.com/maps/contrib/117141649393197491596;Madhan;AcJnMuFO6LEOVqS7rK3x8n7OQQJhTgwtRzigbW_OlJvZIjs8F8wZSfpH5_JiWyT_KeRd3An-G2bO1hBU5SpvZtxO83YeWywwxMtx3P-E-IgcjqmtzI2YeRpG_NyS966KYegfUJF43BjXLPwc9GFGr7rQWh_LPDUJMx3O29Ogf552qeztiXpi;23.0245999;72.5837119;ChIJQVmylk6EXjkR76n1WITKNWU;4.1;279;"['restaurant' 'food' 'point_of_interest' 'establishment']";"2HFM+RFP Patvasehri Bhadra Ahmedabad"
Ahmedabad;Ahmedabad;23.0300;72.5800;India;IN;IND;"Gujarāt";minor;8009000;;"Leaf Restaurant";https://maps.google.com/maps/contrib/105999025539858806047;"Mr. J";AcJnMuFH-HdwTqCtz8SyyISUCY--oE37TSVS9ID82lXiGaxbTL1UZ0M0d6wjOub30Py1rAJA02he9K7R-gnRV-coh1mi8YP-pO44KCojv6KB_HjaklEWzqk0Aas0jbWb68PgySYcarN_oGcJW2KY_r9L6lylB5Z1yBl57Wwy-SgrU-QyTlzk;23.027045;72.57207199999999;ChIJM3SEQVeEXjkRTLUdLYsNHFw;3.5;243;"['restaurant' 'food' 'point_of_interest' 'establishment']";"Riverview Hotel Ashram Road Near Sakar VII Nehru Bridge Corner Ahmedabad"
Ahmedabad;Ahmedabad;23.0300;72.5800;India;IN;IND;"Gujarāt";minor;8009000;;"Pleasure Trove";https://maps.google.com/maps/contrib/118090113101480798529;"Pleasure Trove";AcJnMuHx57GYG32UKJ8_MbZCcDzAzP4tlyt-LLpkIqya30YAfntiJbOJjIxvz7RZ5AqanFgIxyjSqu2MLprLWTcEjVkgnBFnK10AchgtPhfgNnCzPuPLuDhMh3L4kWqY1kTfNOBYgbQjhESyr00AOD4EE2YHtgt2ou--FVZebj999Njy0NQu;23.0274153;72.5715898;ChIJbUm0ZFeEXjkRZ5qsMdpoDM4;4.3;2768;"['restaurant' 'food' 'point_of_interest' 'establishment']";"B-101-104 sakar 7 near patang hotel Nehru bridge corner Ashram Road Ahmedabad"
Ahmedabad;Ahmedabad;23.0300;72.5800;India;IN;IND;"Gujarāt";minor;8009000;;"Purohit Sandwich";https://maps.google.com/maps/contrib/107934019855184794202;"prashant purohit";AcJnMuG0hhaqzV6HgeMHayovPJ0a2yEaF3MXwVYWyrQzWsPgO2ic7aPzi-Sb2YlOb9lIulr_seuxxINdzXP2L2azX-8IwYSDsJcuvltweCQIukZrApLmwTQ_lHg5iFFDqMCxnuMe6SqKpocMKe6cvfKZ_0jpIkLW0gkFevHAjtmCjIu8vRY;23.0305795;72.570976;ChIJBy3xuWyFXjkR8GArOWGeajg;4.5;61;"['restaurant' 'food' 'point_of_interest' 'establishment']";"Nr. Vallabh Sadan Ashram Road Ahmedabad"
Ahmedabad;Ahmedabad;23.0300;72.5800;India;IN;IND;"Gujarāt";minor;8009000;;"Kunal Restaurant";https://maps.google.com/maps/contrib/107384253186006013718;"Kunal Restaurant";AcJnMuG9fggdfcMmTjHzo1Ls8gjG-Uu6sYkqEpE9Hd3pZdMX4wrujYXvYTbY3VAc-C9dJdCZCVncZVHzQ2r-YXdzKvhuWF82yrrd31RZuUCasraPFlhOpQI89tk_z0UTdfWHnzg7L2RJth236mvTOnwMriyCMAn1lbSKF9BnYx9eMuABV6E8;23.0293032;72.5708705;ChIJLZyoSliEXjkRAk9p8mbktOk;4.1;1234;"['bakery' 'store' 'restaurant' 'food' 'point_of_interest' 'establishment']";"next to H. K. Arts College near H Ashram Road Vishalpur Ellisbridge Ahmedabad"
Ahmedabad;Ahmedabad;23.0300;72.5800;India;IN;IND;"Gujarāt";minor;8009000;;"Shakti The Sandwich Shop";https://maps.google.com/maps/contrib/112486178543457721320;"Hardik Sawalsa";AcJnMuGjrBjptoycF58Hq1Vf7gQ_2leeuqSo_i0bXB5SJw4ODowue71WfwJfXxpICTx3G1r8fgM7_iBSy_AF45QU1w1pVsKBHDrboaP39DzRANY0ZOPeai_qTxnL5PzQtmZReziwQV_Z_B-QkezyrgqDmMjyH6oFSOOjEDWeSt1UzlwJLRwe;23.0269901;72.5887304;ChIJnVOErEmEXjkRvsEJZOl9cs4;4.2;432;"['restaurant' 'food' 'point_of_interest' 'establishment']";"2HGQ+QFX Amlipole Ratanpole Zaveriwad Kalupur Ahmedabad"
Ahmedabad;Ahmedabad;23.0300;72.5800;India;IN;IND;"Gujarāt";minor;8009000;;"Real Paprika";https://maps.google.com/maps/contrib/115276184987085909581;"smkc ahmedabad";AcJnMuHlXy-mpeApAMzTKhl7ZFUNQmsv8tuAE-lRWHGWQsPriV1AkCZz3ztVOVTGEWkpdXDJzr2Y_oTKz8esncR6h7mo56O8M1fa9jn_dTEuGaectxB7rxCIokFTUI9HSOwdoTEds8MkXAFhymekYb4PeqTWoItUhGGEaelpRaQoArwCwtqm;23.0280498;72.5896436;ChIJiWwV306EXjkREakMTXipiXc;3.7;162;"['restaurant' 'food' 'point_of_interest' 'establishment']";"opp. Zaveriwad 2645/23Endrues Building Tellar Point opp. Zaveriwad Relief Road Old City Kalupur Ahmedabad"
Ahmedabad;Ahmedabad;23.0300;72.5800;India;IN;IND;"Gujarāt";minor;8009000;;"Pizza Hut";https://maps.google.com/maps/contrib/118250751916874354099;"Anmol Singh";AcJnMuF-5oRoITuk3twkQ0LYivlsrmKtShTWxbG_xcaQVrZMAynncBO6FimywKUj4jaGeBu_YzHkeBdzie8uriMcah4FK1qOALdt-NtrW-3sv4Wdhtss4_h4s42ieAVWxgny9K0a_OzexRjXO6yZGA157-mR7ltfVW6f2ibw6eZqhP8BQmE7;23.032068;72.57021999999999;ChIJy8S-51iEXjkRPW_koTdoSXY;3.9;1508;"['meal_delivery' 'meal_takeaway' 'restaurant' 'food' 'point_of_interest' 'establishment']";"City Gold The Multiplex- Ashram Road Gr Flr 956 Ashram Road Navrangpura Ahmedabad"
Ahmedabad;Ahmedabad;23.0300;72.5800;India;IN;IND;"Gujarāt";minor;8009000;;"Hardcastle Restaurant Pvt Ltd";https://maps.google.com/maps/contrib/115453670347953390246;"kunal khatri";AcJnMuHKDrxJ9oJz9R-NHVjO2NtwC6Boc0K0V3-Y13SaMeVVArf3D9tHuk4_tHpKK_bmHGAw8QirbvQCo5HHXoNgwAKiNRpwGr1kkzJ2EmRqZgn7OXhcZzbBEOa7hx6IPBOBBupnz8uZyfH2R7N7KSxWaBeYq4RsosYOY743ne5TJdoSviu2;23.0318257;72.5700449;ChIJ8_qnyIqEXjkRo-riFztiJD0;4.3;12;"['restaurant' 'food' 'point_of_interest' 'establishment']";"2HJC+P2M City Gold Multiplex Gr.floor Ashram Road Ahmedabad"
Bangalore;Bangalore;12.9789;77.5917;India;IN;IND;"Karnātaka";admin;15386000;;"Oakwood Premier Prestige Bangalore";https://maps.google.com/maps/contrib/111206751990745939258;"Oakwood Premier Prestige Bangalore";AcJnMuHgjY4t2hE65AWy9hwsZ_YDxiniDxWm3RpUDgkO0CCOXjjlG9Cva59cMUJkBklhB7EsoFj7smLQ3m6XXNhaXa59tbGxocXztNNnKwQvHTLmrhtsvM-S94-k7K21ePh_PGaVsZOMeaRa1O2jezjlt7PTCUKCMLEt4l4Q_4cBNUB3QuRl;12.9716313;77.59581170000001;ChIJjfOyQ3cWrjsRWT1o2XkzO94;4.6;3403;"['spa' 'night_club' 'bar' 'lodging' 'restaurant' 'point_of_interest' 'food' 'establishment']";"UB City 24 Vittal Mallya Road Ashok Nagar Bengaluru"
Bangalore;Bangalore;12.9789;77.5917;India;IN;IND;"Karnātaka";admin;15386000;;"Fortune Select JP Cosmos";https://maps.google.com/maps/contrib/100891243065217325246;"Fortune Select JP Cosmos";AcJnMuEpNdpe7m5mztPtI108HecIdUjizgxD0_oERDhyv-nQj32UHmBhWRqQFFdslHLCd_1GNtNoTslJLJSPta1E8w1x0AKQ83TUT21153Kvqi_ws83rylqR37YQpVC0Q_ud6rt7hJqIhRQkfuNRlm-FSNfXtBmw-7m8XHqarDnJ9RaRE2R1;12.989634;77.59485730000002;ChIJ8chsFWgWrjsRWEHptfbZ30A;4.1;3831;"['lodging' 'restaurant' 'point_of_interest' 'food' 'establishment']";"behind फोर्टिस हॉस्पिटल 49 Cunningham Crescent Road Vasanth Nagar Bengaluru"
Bangalore;Bangalore;12.9789;77.5917;India;IN;IND;"Karnātaka";admin;15386000;;"37th Crescent Hotel Bengaluru";https://maps.google.com/maps/contrib/118402887172909209548;"lakshmi narayana Prasad";AcJnMuGgzW5ElAhl8OYj1Y8AZhg7c6BlMuzC_LOfWCWeTtAOgCaiQIAnFWwcc76sn7-PB7Ax1_91mIqxjcXUAKNZCzB2J7IeWybOY9ozhGS_j6foYzKUu8BCAKWqIrGfUHlsIbjVWLwWT4eNn1kWRFf5Tr0OTo8aJ-cymcGNhLRbmAVYNg5g;12.9848935;77.5808723;ChIJPVF2VRQWrjsRX_uY_L-0GD8;4.5;2337;"['bar' 'lodging' 'restaurant' 'point_of_interest' 'food' 'establishment']";"Near 37 Crescent Road High Grounds Gandhi Nagar Bengaluru"
Bangalore;Bangalore;12.9789;77.5917;India;IN;IND;"Karnātaka";admin;15386000;;"Cafe Noir";https://maps.google.com/maps/contrib/101374894529519131212;"Anirban Barat";AcJnMuH8vjQ7X2XUcBF2J2ve8oVBdtgu9WfLQANN9cHCSt6vw8lvmPGhOnaDYQbl94eZkwdphbH02OSGUxBbmG5g9zAcmlbwxW-zSSpZd6RXEzswUHqGCS-L2uIPUUq9vvEUWntXHbb3CGmr9L0QAAlDnjcmS2ciiIri8edOSbpvOtW7fWpS;12.9717869;77.5960995;ChIJbQI8Z3cWrjsRINCtdIXs7GM;4.2;2980;"['cafe' 'bar' 'restaurant' 'point_of_interest' 'food' 'establishment']";"UB City Unit No 206 The Collection No 24 Vittal Mallya Road Bengaluru"
Bangalore;Bangalore;12.9789;77.5917;India;IN;IND;"Karnātaka";admin;15386000;;"Sunnys Restaurant";https://maps.google.com/maps/contrib/110584767649831514765;"The Liquor Library MRP Outlet";AcJnMuFMm6hrvWPksGVcp15YPTQSdpVNmYBzUUSaoMZk4cYUTpOwfCrXeDRpLxKUknOfOdi82P0sOJk6Zym6EOrYZ60oRISNA0mmUK17lLya1ln962D9ttFtIGlEa0l8QCCH5q-TMTD4ztq3jNbOMmzSfEHwJHsiNgzynArOlewEHbOxB2V2;12.9718487;77.5985968;ChIJTWDVw3kWrjsRNHolmSx5oH0;4.1;2311;"['restaurant' 'point_of_interest' 'food' 'establishment']";"50 Lavelle Road Shanthala Nagar Ashok Nagar Bengaluru"
Bangalore;Bangalore;12.9789;77.5917;India;IN;IND;"Karnātaka";admin;15386000;;"The Biere Club";https://maps.google.com/maps/contrib/102064730502325933270;"The Biere Club";AcJnMuHIxdLizjSdzw4GiFr-PoteomkkYcVboyxmQSlmq3HtTSPIHmQoSc1gYuRZGeQHxu6tFILfoWFbaOQo2bbWFZHuAyjppGJMK-XPe1RBMkWC6GaRV5hVkORL6RH5vXWTKBNzWIdCygEYh8zUw_ID_bD4ZoscE2zyKpS2ImCT55EzfqNy;12.9708863;77.59758389999999;ChIJMYFexnkWrjsRMszkT3qrDa0;4.3;10554;"['bar' 'restaurant' 'point_of_interest' 'food' 'establishment']";"20/2 Vittal Mallya Road Ashok Nagar Bengaluru"
Bangalore;Bangalore;12.9789;77.5917;India;IN;IND;"Karnātaka";admin;15386000;;"Hard Rock Cafe";https://maps.google.com/maps/contrib/106164853809126079685;"Hard Rock Cafe Bengaluru";AcJnMuHMj_1RJQKw--b3zJ_IE-S8wWFNn1aSpyk835jZrwkG0glkzVGP6EAr5ldDaOH_klaa6s53ba8Pvu2EXR_qPdna6wradQVG_9FDHT5GtwiV1mgL-fLBG5_iCHUbfvWxumbffAuaPjbCqQJaFk5Fu0TicyYcXnShgXdjiwYyJfT8iwK2;12.9761398;77.60150279999999;ChIJ3f5vgnsWrjsRhDkIjzW274o;4.4;14693;"['cafe' 'bar' 'restaurant' 'point_of_interest' 'food' 'establishment']";"40 Saint Mark's Road Bengaluru"
Bangalore;Bangalore;12.9789;77.5917;India;IN;IND;"Karnātaka";admin;15386000;;"Hotel Paraag";https://maps.google.com/maps/contrib/107085014320570341422;"manoj s Gowda";AcJnMuFUPYN8Rd4f9Gy1pTM0WXUi0MXQWGr7Js_O_k4-bpnn2P2eZf6hKDnr2ib0_45WtCa-8EejGigTMPH3dOnRdDU_DmYZffLDAXuE0DCUqxj24JmMLMT78NjxJczatwir1huNpl-hUegG-nU6Qer0i3o4NBuj_AUi7bc1McsyZ-tfzxqE;12.9821124;77.5942737;ChIJTYzlmmsWrjsRbrEDUGLCE4g;3.8;2071;"['lodging' 'restaurant' 'point_of_interest' 'food' 'establishment']";"opp. GPO 3 Raj Bhavan Road Bengaluru"
Bangalore;Bangalore;12.9789;77.5917;India;IN;IND;"Karnātaka";admin;15386000;;"The Capitol Hotel";https://maps.google.com/maps/contrib/111761882690296332879;"sushant kumar";AcJnMuG5pfNV5rnZZyJSAzk_4KmTyxSezXRqmVndP93c6CWJFIAqAY3x5K16joH4JkziQ_3GOrpYMUUSDNZhOqRYgAqXYWSgutH4LJMLCtVeQeob0J5W6CfRUYL7PYshO44qWEzy11M4d9h3HlIgAkXDU_KQYfv3Qqx_koun_TA7HPHR6c6F;12.9825481;77.59455299999999;ChIJpbEvEG8WrjsRoR6I4Wx5kjg;4;6494;"['bar' 'lodging' 'restaurant' 'point_of_interest' 'food' 'establishment']";"3 Raj Bhavan Road Vasanth Nagar Bengaluru"
Bangalore;Bangalore;12.9789;77.5917;India;IN;IND;"Karnātaka";admin;15386000;;"Hotel Empire - Central Street";https://maps.google.com/maps/contrib/102078228970349627326;"Hotel empire - Central Street";AcJnMuHwyJLZaCN-Ufprf9rD6KYxE__o98rDZeaQigmFN4NyM4eqSOc8SFK4bpCKNT_olCL8G5gZc3HA7RsY5-zpHKNMgzpQkdbP_nn5MiC9cnVrMcV331nP2DzaVoTt9KwVeYc-A1FkYtC9c_qttkQyJRchmLQ0Zl8KLHQ2MgKpIYQNP-lu;12.9797611;77.6027774;ChIJD5qeXGMWrjsRcj9bNc5M7kk;4.3;16789;"['restaurant' 'point_of_interest' 'food' 'establishment']";"78 Central Street Shivaji Nagar Bengaluru"
Bangalore;Bangalore;12.9789;77.5917;India;IN;IND;"Karnātaka";admin;15386000;;"Empire Restaurant";https://maps.google.com/maps/contrib/109165404566805368389;"Empire Restaurant - Church Street";AcJnMuF-DSjUrLmOehyw336q_9uS-slYOqtsk1Mv_FtNK7hUc4x-iJ7Gue2G4G6WIMTnaXzp2MozQHROuFds_t_PhPfwAyA8BQSqYfqplC0TLrDbrK4KMZRnaXX6Xzh4A6ImOdz1qnK7Xog4yTzE3ODqBfUOTKmNsrGnfbc93iazKIgEgP1q;12.9753943;77.60280720000002;ChIJwQm9enwWrjsR9RHPsY1L59o;4;22116;"['restaurant' 'point_of_interest' 'food' 'establishment']";"36 Church Street Off Mahatma Gandhi Road Bengaluru"
Bangalore;Bangalore;12.9789;77.5917;India;IN;IND;"Karnātaka";admin;15386000;;Subway;https://maps.google.com/maps/contrib/107092375253238015185;"Peter Paul";AcJnMuE5woDNQSN95qGuROh6d45BXSkWO3qpo4B8nigO2WsoS4F7PhOl4f4D1leI3bPj7KBonhqSDHqrFw0n0mnv4zDN6iW97-HwFi3ZSDiOV2m_Sndr1DmMZw2M1h7uKRt_9PrsBgtpemJMrbWgbN731Y7zIG1vXxB7pk1gc1jJPPTgnUiP;12.9717269;77.596153;ChIJtVUzWXcWrjsRrjkWdidvCAw;3.8;266;"['restaurant' 'point_of_interest' 'food' 'establishment']";"2nd Floor UB City Near-Regent Vittal Mallya Road Bengaluru"
Bangalore;Bangalore;12.9789;77.5917;India;IN;IND;"Karnātaka";admin;15386000;;"Cafe Coffee Day - The Square";https://maps.google.com/maps/contrib/104713109896290174693;"Cafe Coffee Day - The Square";AcJnMuEXNMKidMmoOu6WN9OuYkryJqXRWnUYa_a0J4TE2jctjZSsif23ullLe6CL9Q2HYiDdgmqQBBRo7dla6_J_l2ip-gtyu8qpKV19bIE2SsYd4N5NFt3Oum4fA7a2VEkuHxL8fvosYQ6QWSkVqEQffwaQ2MBX_vSwi1Yn-df-i2-0LYxi;12.9717197;77.5943527;ChIJ-VrecmkWrjsRtN8D7e0Ddcc;4.3;4719;"['cafe' 'bakery' 'meal_takeaway' 'restaurant' 'point_of_interest' 'food' 'store' 'establishment']";"near Cubbon Park 23/2 Coffee Day Square near Cubbon Park Vittal Mallya Road Bengaluru"
Bangalore;Bangalore;12.9789;77.5917;India;IN;IND;"Karnātaka";admin;15386000;;"Upper House";"";"";"";12.9832549;77.5924122;ChIJ7bdRB2wWrjsR2DIA6f9zMrE;"";"";"['restaurant' 'point_of_interest' 'food' 'establishment']";"The Capital3 Rajbhavan Road Bengaluru"
Bangalore;Bangalore;12.9789;77.5917;India;IN;IND;"Karnātaka";admin;15386000;;"Chung's Chinese Corner";https://maps.google.com/maps/contrib/113837487643888315440;"Harsha Bolar";AcJnMuGJbH9aE5S99YYrC8IOIDScmu2bhQcpfQlxNcnlxEANMZ9hnOi0cGznBdVbErAHfFz9_5nQ-JGkBmisKbvbkhKOX5qY4Nqh8DcNxphJxGX4ll6H45ZCiNzMaxrvCaOpefegjgJS2IJgCFNLVERvgoyz1oAzvpJrWfbaCi7dvY88kkjX;12.9890957;77.5937754;ChIJSXk5LWgWrjsRa4HooF9gC14;3.8;913;"['restaurant' 'point_of_interest' 'food' 'establishment']";"106/13 Ground Floor Westminster Building Cunningham Road Bangalore Cunningham Road Central Bangalore Bengaluru"
Bangalore;Bangalore;12.9789;77.5917;India;IN;IND;"Karnātaka";admin;15386000;;infinitea;https://maps.google.com/maps/contrib/100090035112731500797;infinitea;AcJnMuGXEvSikC3ZQD-WFX_BxwxIlb6CoEgx7mjk989mZBZKtabYmVpZT39q_QD8y8vI-rw05EKYTLEpHO1szSLC9XmE1qNrCvCRKIEDSY7xfTKpEGHVrD0WLCxvviDa2GvAkW4yK5DQnBFlN5zx7NclJa-X89qnMJzmGQbZLnZGfPW4uyGr;12.98705;77.5947166;ChIJE-njW2gWrjsRUNoH91ymG-E;4.4;1945;"['cafe' 'bakery' 'restaurant' 'point_of_interest' 'food' 'store' 'establishment']";"2 17/1 Cunningham Road Shah Sultan Complex Ali Askar Cross Road Bengaluru"
Bangalore;Bangalore;12.9789;77.5917;India;IN;IND;"Karnātaka";admin;15386000;;Shiro;https://maps.google.com/maps/contrib/117342921817647016601;Shiro;AcJnMuEYQvP0mMGOSdSISK4hIbLcxaaPFu-_ZommEHK13gPVsTIMvA0gH_x5gO8ceqvueMWbl52Ie86LvTJFuxTF7cXRhRhyQq-V3fh_vRFzRmb_z8VE6lPFhKMg5TCjoJachntSD90_MY0J0LDY7Gjf7F83FMNloHZnT8zhDyGkmknkYw8l;12.9716517;77.5959781;ChIJ897J43kWrjsRwLzr4oSg67c;4.3;3387;"['restaurant' 'point_of_interest' 'food' 'establishment']";"3rd Floor 222 Vittal Mallya Road Ashok Nagar Bengaluru"
Bangalore;Bangalore;12.9789;77.5917;India;IN;IND;"Karnātaka";admin;15386000;;"होटल श्री कृष्णा उपहार";"";"";"";12.9715987;77.5945627;ChIJE8R9PncWrjsRn9_NkP5zGnE;4.3;14;"['restaurant' 'point_of_interest' 'food' 'establishment']";India
"Hyderābād";Hyderabad;17.3850;78.4867;India;IN;IND;"Telangāna";admin;10494000;;"Grand Hotel";https://maps.google.com/maps/contrib/114894976030832183457;"Nishant Karkala";AcJnMuGtTraM0OYhA-hsyGmuwBIgdrBMvk7JN69_Cv0qG7JoAbWRWlmEWCV8mG_P1s4d9TFOlpmocs-YWO3r09OPlDSLNAaAPJ6NcbOL-LJJZ4kReUwf2JuXtzESIBfbl56vEVrpJwjQSrs-5Is8m96d6Z0lrBWxxyrOgTnw1Hcg0vMQvQQm;17.3879007;78.4770363;ChIJvzzJa9aZyzsR6kewVJXGfVs;4.1;27961;"['restaurant' 'food' 'point_of_interest' 'establishment']";"4-1-395 Bank Street Troop Bazaar Koti Hyderabad"
"Hyderābād";Hyderabad;17.3850;78.4867;India;IN;IND;"Telangāna";admin;10494000;;"Chicken Fast Food Corner";https://maps.google.com/maps/contrib/104094926155518270683;"Srinath Gopalkrishna";AcJnMuHFVo9FT7U6JQefzZilc3cu3CadI2vMftM-BGwVmflPcM7oXEyq2Wjqyfyl4iX06YySsBW3KrgThvwkJ1J94qfylEm3cgRGNqqgJuvNIlkljJZqQTaNpEvaaJaI-iaWTNHOfCIcYDk7sVJY0fj0scc7YyrcmFKuH4JSbMtvOYV_K_wm;17.3870307;78.4763766;ChIJo_eeDtaZyzsRQGNf0h_CeF8;4.3;8;"['restaurant' 'food' 'point_of_interest' 'establishment']";"9FPG+RH6 Jawaharlal Nehru Road Troop Bazaar Koti Hyderabad"
"Hyderābād";Hyderabad;17.3850;78.4867;India;IN;IND;"Telangāna";admin;10494000;;"Taj Mahal Hotel";https://maps.google.com/maps/contrib/110340068110480263585;"nikhil m";AcJnMuFH_otVZwsFKy3FXWlX6zYLxOnxsoqKZqK_4YdH5IMwApONCpeR9neIljaBSddg8KIaJhwqqsjqSFUIRnZvU4DqQio9N1-xpIeWEqybt3J9BYWDjsYEvJQFBT7Vd4ew0I0sDYkoAgoQFBzCVC0iFsj-quTt9LEaX2crhxFOhohXp-XR;17.3917263;78.4770327;ChIJxwozzBSZyzsRiwULSfN7Fxk;4.2;17558;"['lodging' 'restaurant' 'food' 'point_of_interest' 'establishment']";"4-1-999 Abids Road Abids Hyderabad"
"Hyderābād";Hyderabad;17.3850;78.4867;India;IN;IND;"Telangāna";admin;10494000;;"Annapurna Mess";https://maps.google.com/maps/contrib/108081877775378371073;"Sai Kumar Gandhi";AcJnMuHz-1XYcXctHFq1sAmQL5LH9w1BTDdXD6OFHp1rubYGXkb1-HQ9K1dpuZopbhUrjGIsRG6LFl_GJtsUZUlLiV8Ygp9_JfAEIxgvCkOwUIi36YvbDX-oV6sKsS3CtsVf3ZrTUPpOFfIDdCKZbWX3j7O8Z89mHczu3ndoTkyU7cLiC-BP;17.3848438;78.48346099999999;ChIJ69jPrdOZyzsR23K1pmUAaFQ;3.8;80;"['restaurant' 'food' 'point_of_interest' 'establishment']";"5-1-783 Troop Bazaar Koti Hyderabad"
"Hyderābād";Hyderabad;17.3850;78.4867;India;IN;IND;"Telangāna";admin;10494000;;"AGRAwala SWEETS Abids";https://maps.google.com/maps/contrib/113149251208279716911;"AGRAwala SWEETS Abids";AcJnMuEeTOwFcvOmzSEOk6qRq7zTVAcwIN_b8A1xl9t4I2d9eSiYmZLL6f2OJfzZ3ZcEBsfrTDqy4rwB8N4SJPfmAk9q-fwmuEKg5yqcMJx4mFwrGHMW2_GvB9VRr1poN3M70Das8vv-ProomF6XOveL_tDEeP0qS357IFt9wxmm48VLbkxs;17.3865529;78.4760453;ChIJyZc9D9aZyzsR4kYKisk0NY8;4.1;1701;"['bakery' 'store' 'restaurant' 'food' 'point_of_interest' 'establishment']";"beside BAJAJ electronics 5-4-18 Jawaharlal Nehru Road Muralidhar Bagh Old Kattal Mandi Abids Hyderabad"
"Hyderābād";Hyderabad;17.3850;78.4867;India;IN;IND;"Telangāna";admin;10494000;;"Pragathi Tiffin Center";https://maps.google.com/maps/contrib/115839285457292323148;"Pragathi Tiffin Center";AcJnMuEBMb8SbW93FQ1jc3qaNuqBzt3-5xVnNIkOEpnDGVXVbQzPghr-9RQflvPzwdC49_bSoYwViPpqWruRiP-pDDfBiCtm-SvOMfXeaYrJzoIVNZ1Ui6sUOhi61MJNRtpkbnz4I9jazYiERkrxlf_XjcL8FIrcNwgmve5sQvIDsWpYaDaD;17.387938;78.4811814;ChIJl2l98zORyzsRLEA720EopvY;4.2;11704;"['restaurant' 'food' 'point_of_interest' 'establishment']";"Near Pargati College H V S Road Hanuman Tekdi Near Pargati College KS Lane Koti Hyderabad"
"Hyderābād";Hyderabad;17.3850;78.4867;India;IN;IND;"Telangāna";admin;10494000;;"Krishna Hotel";https://maps.google.com/maps/contrib/105688082893349003539;"Diviti YOGENDRA";AcJnMuHHOe1UnkmbBYaGrNLNtPLyGbeEmWBnGZ6moGuagsQCZ3Z4J4ZaLnnLFkCxDcQzdwEZOwioXQKLyA-JFrSngpekJnoycIeykt4KMuBAaX9uYTS63968IFriJWGyEGZGW0PUNIWGmVuCUDH4-yHDTPH7SpBUtE7ttxC6Rupf3Pj8LxSz;17.38321;78.4819272;ChIJFXLNbdOZyzsRUt_QerpXgas;3.3;21;"['restaurant' 'food' 'point_of_interest' 'establishment']";"Shop No.150 Pushpanjali Complex Troop Bazaar Koti Hyderabad"
"Hyderābād";Hyderabad;17.3850;78.4867;India;IN;IND;"Telangāna";admin;10494000;;"Tabla Multicuisine Restaurant";https://maps.google.com/maps/contrib/112851472790586591092;"Samsappa Samsudeen";AcJnMuEpDK2P4mRb2EEK3yKrjdqC4j_ufqsKQgXK5hmCgHOaVChzNYNK6d869pQDbeg91hWvPVR-RxXlvmkUFdiaVaNqVBJshhBsiPHDcolmVJ2WeVmYjINf9BLo-DEu-8BXASn28xgyDdR4vqyprZjIR9akClOetdJ3cT1mdhdSMwNzHelP;17.3850872;78.4865817;ChIJG4Lch82ZyzsR2mN5PW_igow;4;31;"['meal_delivery' 'restaurant' 'food' 'point_of_interest' 'establishment']";"2nd Floor APHB Commercial Complex Near Shiva Parvati Theatre Kukatpally Goutam Nagar Badi Chowdi Kachiguda Kukatpally"
"Hyderābād";Hyderabad;17.3850;78.4867;India;IN;IND;"Telangāna";admin;10494000;;"vinayaka tiffin centre";"";"";"";17.3850872;78.4865817;ChIJ-ZudEdCRyzsRtrUepdaihYU;4;1;"['restaurant' 'food' 'point_of_interest' 'establishment']";"h.no.a-995 opposite hanuman templeallwyn colony Phase 1 kukukatpally Hyderabad"
"Hyderābād";Hyderabad;17.3850;78.4867;India;IN;IND;"Telangāna";admin;10494000;;"Gemini Caterers";"";"";"";17.3900213;78.4929784;ChIJ6wb6qcmZyzsRau70Fh0Wq6U;4.5;6;"['restaurant' 'food' 'point_of_interest' 'establishment']";"3-3-56 Kachiguda Station Road Barkatpura Kachiguda Hyderabad"
"Hyderābād";Hyderabad;17.3850;78.4867;India;IN;IND;"Telangāna";admin;10494000;;"Sri Balaji Family Dhaba";https://maps.google.com/maps/contrib/103628408544345776783;"Sri Balaji Family Dhaba";AcJnMuG24nc0NGw46Y2GC3G3w2gmx5rNSjFl784WqgklHdhZy8TEke1AuaiIYZdn3GfgPOHJghxqg9V1SvpsUp4QtuVFIfzgOOIO4i9gf30-5-iKODFiNOeg-U8K3KLhvJCkPNpAXBSXm4zv4nUqFJsuAQ_c8MS6zAOtFnZP80AEtWcXqYBK;17.390392;78.485771;ChIJU7sbMtCZyzsReJu7bWu3dCg;4.1;2695;"['restaurant' 'food' 'point_of_interest' 'establishment']";"beside ACP Office Ramkote X Road beside ACP Office Rajamohallah King Koti Hyderguda"
"Hyderābād";Hyderabad;17.3850;78.4867;India;IN;IND;"Telangāna";admin;10494000;;"Mayur Pan House";https://maps.google.com/maps/contrib/102702587669631251058;"Mayur Pan House";AcJnMuEENOQeRfiL_IAfI293wYZ3RgN9SAQxrtokFh1ABB4YdTQdWKwTCibqSyb2Lcp8q56pedQ-ocx8184HEtMSITmHgwIt6bUuyIZGQOeuxeDqEj6rDapvqymF7C2YR0zbDi7PJ1fo1hiHDSst_wB0wh2z8OQAdqCxWXfu683HuPXzVBnt;17.389225;78.48073579999999;ChIJGdRWzNaZyzsRFzIpFZs6CfA;4.2;6431;"['store' 'restaurant' 'food' 'point_of_interest' 'establishment']";"Needs Arcade 4-3-548 14 Hyderabad"
"Hyderābād";Hyderabad;17.3850;78.4867;India;IN;IND;"Telangāna";admin;10494000;;"Roshan-Da-Dhaba (Exclusive Punjabi Restaurant)";https://maps.google.com/maps/contrib/116722010220171787229;"Prakash Aavula";AcJnMuG_HW7uP2pts-3yykTqTuLAl53IP0cbjTngKrZdzIz81dxzXrt7KDEBQ81eUZwH-GnJt72XeLhex_K_4GnmDL23G0AiFG9-9TTTqVNn7A93OS7ZNHRzmiHmwxHlwfZE0aVhkEHuJbBgZJH6aU6ctIooSHMCGemL0Gzaee5EYU6wCuL-;17.3905386;78.4919362;ChIJqyfjKc-ZyzsRlzEeMk9hEjE;3.7;20;"['restaurant' 'food' 'point_of_interest' 'establishment']";"9FRR+6Q7 opposite Hotel Panchratan Kachiguda Station Road Kachiguda Hyderabad"
"Hyderābād";Hyderabad;17.3850;78.4867;India;IN;IND;"Telangāna";admin;10494000;;"Royal Tiffin Centre";https://maps.google.com/maps/contrib/117981467783859159105;"Royal Tiffin Center";AcJnMuGNp_uKDKvoWlJhRs1AHBYPJDJWifDag0S6UyfH9azbiZyo8p_2rERGnrYc3SFpKJkwjUao-aeJua4na4fhQ8KMSXdphFFouni9rD8-rcJ682KMEQbyDIyhY9ZcQbp1S-THGSjcTJOZ4NQALDv6A-eaXf0qbA_rJORg2TaxjXaWX2uA;17.389466;78.4804011;ChIJp9E_0daZyzsR6bXExQIuwIs;4.1;10330;"['restaurant' 'food' 'point_of_interest' 'establishment']";"4/1/896 Tilak Road Hanuman Tekdi Abids Hyderabad"
"Hyderābād";Hyderabad;17.3850;78.4867;India;IN;IND;"Telangāna";admin;10494000;;"Siddhartha Coffee Shop A/C";https://maps.google.com/maps/contrib/101204681649152567416;"Sachit Mathur";AcJnMuFCKTBRBFNAKbaE3MnJ16ynh7UWZ294zPR5x_g0paQqDWfPhCPpkzHtLBgs48IKv1lQXmc3uFpujBgAPCkgq7FgcoPrLQcD8fxcHFDAF7wcsS85Oz8HiPmdCfBD6o1GpKOTDJoWiMQauYrOtnqy60Bguqb6NIGXxv61xYe3SwjIWBg8;17.38583;78.478714;ChIJd7SbMNSZyzsRKoj9eWat9nM;3.9;442;"['restaurant' 'cafe' 'store' 'food' 'point_of_interest' 'establishment']";"No. 4-1-465/466 Bank Street Abids Hyderabad"
"Hyderābād";Hyderabad;17.3850;78.4867;India;IN;IND;"Telangāna";admin;10494000;;"Oye Pizza";https://maps.google.com/maps/contrib/108443416806845476383;"Praneeth e";AcJnMuFnOrexqfgRxzLWazmiue1Q_odpsprPnJNZAt3A1iijW1aJ7yKrbb17aRD0YSCk2dY-X49UwznELbtVQWCbL3QWNsIrg5vGytmOB06lfJi9q6X3dDMQ1K3mDMt93sj873D5QK_YEnDgndhae67AbsmjZqQdM0AzkQ4CYOKsF0BpQ9ei;17.3920009;78.4800564;ChIJKatMN9eZyzsRCTEDRx9YBJ8;3.9;385;"['restaurant' 'food' 'point_of_interest' 'establishment']";"Shop No. 4-1-1228/1 Kamineni hospital road Bogulkunta Abids Hyderabad"
"Hyderābād";Hyderabad;17.3850;78.4867;India;IN;IND;"Telangāna";admin;10494000;;"Vinay Pan Mahal A/C";https://maps.google.com/maps/contrib/117602898418634013373;"Support directindia";AcJnMuHOCdnASS2zaK8lIrcbCQqAx3t6-PyI02d3XZmaViIlsu2Tb-iocrf3qd8pIqZLf7-E0n2lyuNOZhmA-3mG8KUiHHmfcxei4-2hXgixE7viJqMJ37wfP3zzVt81FQptYzOuhrPh_VWcpk_7K2DeoP4D3EzOKd3DXC2-z5qT8jeUo9L1;17.3861702;78.476805;ChIJKaUo5tWZyzsRQdJr0XS52g0;4.1;196;"['cafe' 'store' 'restaurant' 'food' 'point_of_interest' 'establishment']";"Shop No.6 NTR Estate Jawaharlal Nehru Road Abids Hyderabad"
"Hyderābād";Hyderabad;17.3850;78.4867;India;IN;IND;"Telangāna";admin;10494000;;"Al Saud Mandi";https://maps.google.com/maps/contrib/109421509368127092034;"Al Saud Mandi";AcJnMuEiOmcVkYLbtLG3Lga-4jfYrmtSbkuvTvp7D-JtavwLkYtLTMRCiZiqflOWmRwrAlIlUo_ii88O5kK1AECadBM0PnawjgyP9elh-XIPJtRuflj3RMzrBnamVk1qMnqR4vuQFzlOWSAhOXf89sVBaBvN4ETnEMOi3Sfty2ezVI8zah4r;17.3944441;78.48472749999999;ChIJe1Xl89qZyzsRqlNBbi54wKI;4;6708;"['restaurant' 'food' 'point_of_interest' 'establishment']";"Beside St. Joseph's Public School King Koti Hyderabad"
Lucknow;Lucknow;26.8500;80.9500;India;IN;IND;"Uttar Pradesh";admin;3382000;;"Clarks Avadh Lucknow";https://maps.google.com/maps/contrib/108872536641458111180;"Clarks Avadh Lucknow";AcJnMuEPmgVcEGSeGZo_DGFD5Gv7Ss34X_jL1xcmVApWwL4daCGgoeoMCGBjUrnbVkmvCHByTdpmEA9kDzcwf4SOCExVLphxeyuqdA_RXUgAezYusl23J7ofzYspqh-SQIEGvXMCcqfLVWuuNVGjbbPWItjPEEjqp-UylaU_7lJ0jBntbUQM;26.856651;80.9354305;ChIJ0_78kaH9mzkRkYXbdsT-x3Q;4.3;10731;"['lodging' 'bar' 'restaurant' 'point_of_interest' 'food' 'establishment']";"8 Mahatma Gandhi Marg Narpatkhera Hazratganj Lucknow"
Lucknow;Lucknow;26.8500;80.9500;India;IN;IND;"Uttar Pradesh";admin;3382000;;Kayenaat;https://maps.google.com/maps/contrib/103890269732451282481;Kayenaat;AcJnMuEe36CrQsARz42GzaiTl0eU4sMY_bMsXco0SdgppjuZoRHnygeRj6CaF5Bhkuxc7oCyV-d6gZmJoKnrx_Y8Dcn8U5P1Rxhck1bgj6Jd3TaYBBco8G85QVU7_JPZwo0ftZMLI-AjoXb2CLHpssXe82GN2-Ph78vPXYGXkVOr0zse4PWB;26.8492672;80.95170730000001;ChIJq6palw_9mzkR_BbtVv7lU40;3;2;"['lodging' 'restaurant' 'point_of_interest' 'food' 'store' 'establishment']";"Ramtirth Marg Hazratganj Lucknow"
Lucknow;Lucknow;26.8500;80.9500;India;IN;IND;"Uttar Pradesh";admin;3382000;;"The Grand Radiant-3 Star Hotel in Lucknow";https://maps.google.com/maps/contrib/107913072364377213413;"The Grand Radiant-3 Star Hotel in Lucknow";AcJnMuELg4U0KWJSUnwPjUxGMSAEI7Lk7Qu8m9b4gEFJRa9pgwdQrUw3ad7-0Z6tNUpWKLIu6x-3Qj9uUhsW-4w62kThYThBcok7ttb4uogExnnDH-MX_-r6EYU93WOcR8Y8obSvUK9LVEv738rONBhF0r65fOt1WSXGcA53JFyhHD3qxzzz;26.8426614;80.9366533;ChIJY1VVVQn9mzkRhuQmJuUtniw;4;2416;"['lodging' 'restaurant' 'point_of_interest' 'food' 'establishment']";"near Odean Cinema 36 Cantonment Road Lalbagh Lucknow"
Lucknow;Lucknow;26.8500;80.9500;India;IN;IND;"Uttar Pradesh";admin;3382000;;"La Place Sarovar Portico Lucknow";https://maps.google.com/maps/contrib/104266299319669280134;"The Terrace Grill La Place Sarovar Portico";AcJnMuHfmR9vmGEN7uKiCgxJ74WY3d1n1-fbg_uJK2gYAhchH3QpcfGqIFdtjLgAFfpmS_TXtC_E_1GCAOJVckJZGByVAobMWDrqcJgJIPTM_19isGRhgcfj-4EMHSHsYjzUsZ1zDaExhXzc4WKL35a5micQYxLQujzwVQ3KJ1CRRM3do4E5;26.8531658;80.94340059999999;ChIJB_0sOQb9mzkRz9nFP_bIhSE;4.2;2673;"['lodging' 'restaurant' 'point_of_interest' 'food' 'establishment']";"6 Shahnajaf Road Hazratganj Lucknow"
Lucknow;Lucknow;26.8500;80.9500;India;IN;IND;"Uttar Pradesh";admin;3382000;;"Ram Asrey Sweets";https://maps.google.com/maps/contrib/105048298846170326251;"Vishal Srivastava";AcJnMuESLMR-i9KkZMCXq0rzdcIMtMz_GVk_qKwP65XwUAdl-LiHFnHnu4cuH_gbILvIr_lfMcRVboHXTHRfO9CCs2Qg7I7GOdFztLOGV98UtlSmCXWC0wbfsZcROz0uY8Oojy5RADyTAu7sTIWrC5WUZr6GLv0gK8gAb4nlrgsGUmILBBtB;26.8500278;80.9436413;ChIJXRmXLgj9mzkRLp8kfGm3eSw;4.1;3463;"['restaurant' 'point_of_interest' 'food' 'store' 'establishment']";"43 near Leela Theatre 48 Naval Kishore Road Hazratganj Lucknow"
Lucknow;Lucknow;26.8500;80.9500;India;IN;IND;"Uttar Pradesh";admin;3382000;;"Open Air Restaurant";https://maps.google.com/maps/contrib/100238350178992749530;"Sourjya Singh";AcJnMuFwdQHl5YcQBO5WTuLxnqt-dn0VIOEjuQkJ5l1riB1TaRyEN3jA6iPpmBWLkaNSP4_1ujksu-wiRxpsAOWAsv0UtK-tjEMXbuRhCKbVTCjQUtpn2_DtDfBgI0RBLvrsnDVAKxa6sA_XKwCUrfwOyAVWdNCLLsmJbiyV5chMggLB_XrI;26.8527265;80.9369348;ChIJhZncBqT9mzkR51y0HPpXE4k;4.1;2695;"['restaurant' 'point_of_interest' 'food' 'establishment']";"Near Tulsi Theatre Osama Talha Road Hazratganj Lucknow"
Lucknow;Lucknow;26.8500;80.9500;India;IN;IND;"Uttar Pradesh";admin;3382000;;"Cooperative Indian Coffee House";https://maps.google.com/maps/contrib/115960779214766230735;"The MaestrO vlogs";AcJnMuFszpmRisJiWfTypfcS50Yv_urp-kPkLEPORO9CKSU5jCsN6QpOooQRRZ2sw6jFXKsb6Oe0o30TSCsyIGBqhDLPOUkQOvVlJDzUQ5uLkFz-eSsXPQFkwlo2RlKbUzBdaFar3JYnvNBJTjpbpX5z5mS3h1i-VeBvy1a9KuLHjavTF4Vu;26.8472513;80.9462463;ChIJp7NeJQb9mzkR1i0_3sbLydg;3.6;188;"['cafe' 'restaurant' 'point_of_interest' 'food' 'store' 'establishment']";"RWWW+WF5 Ashok Marg Hazratganj Lucknow"
Lucknow;Lucknow;26.8500;80.9500;India;IN;IND;"Uttar Pradesh";admin;3382000;;"DOSA PLAZA SAHARA GANJ MALL";https://maps.google.com/maps/contrib/110225134774759685045;"DOSA PLAZA SAHARA GANJ MALL";AcJnMuEh0v405BT3RsSZlyjxzq7DxbzGmc7aQTuTLEYgoU5B516XLK1pyFpEfURJsv8Fqwn3zpfCWS-yLormrdDgTV0wMjJ7d0eQCVUM5eO_C46814wQCHC7JlrrsUxOu7pi7IoictYofHQ7xk4mq1fIb6utsTtfcTaoWXYcMdoLnHuHwYnM;26.8555775;80.94583940000001;ChIJ8-31sgv9mzkRbniAp_U9qAo;3.8;1556;"['restaurant' 'point_of_interest' 'food' 'establishment']";"Shop No.406 4th Floor Saharaganj Mall Shahnajaf Road Hazratganj Lucknow"
Lucknow;Lucknow;26.8500;80.9500;India;IN;IND;"Uttar Pradesh";admin;3382000;;"Chinese Kitchen";https://maps.google.com/maps/contrib/106298861421335329402;"Shivam Singh";AcJnMuFkyLjlcoJbTq8lmbfkgqPBso0fYWfnWvMbAuTZplUokMCzpwc3SsJr6bdzta3O8Ir6F43_hp6v2ERg038tWmK4jYoMr7O3kIIFazfOQvxiGPw1Mwgpi0RZ-W201zPK7-Q2GqdW0H6pioD1WIoXHCiis0YUMkayKe0NIovIFcK7-nBS;26.8552629;80.9457439;ChIJl97WSgr9mzkRKXgX7SNBlNo;3.6;258;"['restaurant' 'point_of_interest' 'food' 'establishment']";"Shop No. 415 4th Floor Saharaganj Shahnajaf Road Prem Nagar Hazratganj Lucknow"
Lucknow;Lucknow;26.8500;80.9500;India;IN;IND;"Uttar Pradesh";admin;3382000;;Rollarappaa;https://maps.google.com/maps/contrib/107859416061607755504;"PRAYANK VERMA";AcJnMuHEx0gvDItbb1Ej1BLIaluSbjlqZx_j1yVovxd3Meqp9BpJb7u-RdPCuD0PGycCpOJOgGuGv2_VxKr5Hhz8kQYqJ18IBLxsEhGrJkNDvAmR5fdtJvasRbID2Yj3Nnnb2CGGyJi9ire4bcIob0OyhUkVEE1EkNOjO23NUYiq2z3Do3gw;26.8529773;80.9491176;ChIJzXx_sA79mzkR4ZtJZnwlpyw;3.6;132;"['restaurant' 'point_of_interest' 'food' 'establishment']";"19 AGround Floor HALA Complex Ashok Marg Hazratganj Lucknow"
Lucknow;Lucknow;26.8500;80.9500;India;IN;IND;"Uttar Pradesh";admin;3382000;;"Honey Comb";"";"";"";26.854508;80.952578;ChIJ9f1-5w39mzkRcaQQ6xlNniY;"";"";"['restaurant' 'point_of_interest' 'food' 'establishment']";"VX33+R24 Rana Pratap Marg Civil Lines Lucknow"
Lucknow;Lucknow;26.8500;80.9500;India;IN;IND;"Uttar Pradesh";admin;3382000;;"Madras Restaurant";https://maps.google.com/maps/contrib/105394501312969854114;"Omeir Afghen";AcJnMuFSQvK2WRP8JMWGum35KucL1mVKgxHkzQBjfK0-TWVT0L8-1hSpPr7SVM_4QPSjmU1l6hq9xc3_xvo0GlQ0Xn1kN6Q2YWIHcBGKwr2wjkV8Pqs3CNkGz-sjUHFG6A60oOJ4Jo_z8EMfkK6JjE_NRbWj1fvu2kk4Ml278SeTdgUCi3YD;26.8484837;80.9450719;ChIJLV8DZQj9mzkR7JwFLNRzAE0;3.9;745;"['restaurant' 'point_of_interest' 'food' 'establishment']";"Market Area opp. New Hazratganj Lucknow"
Lucknow;Lucknow;26.8500;80.9500;India;IN;IND;"Uttar Pradesh";admin;3382000;;"Sky Mirage Lounge";https://maps.google.com/maps/contrib/114831573496418401270;"Sky Mirage Lounge";AcJnMuH-6khsy5Usb5rtO-L0v7hF_MvDhG0VbcqnNs5W_3h9yBjrpCKMv_tWdg1Fy1tlmvO5fOUzwP20VOaDl_A_OVfzOODvGEd4iGuH4JrdBPjvrbhV5NoVtQArocTdBrvJxJXWmOGwksVbDeydH7gzqCFjJm8EWDkkDY-Ui36wpfF8-dx9;26.8434477;80.9498157;ChIJnx6_agT9mzkRbU4aD0UwpSY;4;2385;"['restaurant' 'cafe' 'bar' 'point_of_interest' 'food' 'store' 'establishment']";"5 Drosia Towers 5 Park Road Hazratganj Lucknow"
Lucknow;Lucknow;26.8500;80.9500;India;IN;IND;"Uttar Pradesh";admin;3382000;;Fillers;"";"";"";26.8533621;80.94753539999999;ChIJl9meWQn9mzkRu7GYgfJWYj4;3;1;"['restaurant' 'point_of_interest' 'food' 'establishment']";"3 Sapru Marg Prem Nagar Hazratganj Lucknow"
Lucknow;Lucknow;26.8500;80.9500;India;IN;IND;"Uttar Pradesh";admin;3382000;;"King of Chaat";https://maps.google.com/maps/contrib/103166021597134967036;"jeff “Start a Website” Dez";AcJnMuH1KLxby-mcVLP9uRpNtOmAz0WHSRADU9hQlfK4kyXbkA4R4E3AI868QJVgPUPQ9QF_5GKx2oL9oEEnhQg10514jZnUXmx85R1CcsjKjzdnkhoAr75nd6zysqhdmtcj7kMcmI3GkYbv7yMYE8FoJAnFAsaSKsgdefT5LY2ddeSpvxRP;26.8529512;80.9379439;ChIJ-TL-s6b9mzkREqAiBZYEliQ;3.8;392;"['restaurant' 'point_of_interest' 'food' 'establishment']";"अंडरग्राउंड पार्किंग near Kd Singh metro station opposite Sarojini Naidu Park महात्मा गाँधी मार्ग हजरतगंज लखनऊ"
Lucknow;Lucknow;26.8500;80.9500;India;IN;IND;"Uttar Pradesh";admin;3382000;;"Bombay Pav Bhaji";https://maps.google.com/maps/contrib/116365758453569538936;"देश दीपक";AcJnMuGhoD4lCSrJP6nT7Mcr-lfESIi2zQOkzUIbtPH-TGie8LUy4P4NYvcZNGF4_bL37HW7Nv-T1JpXh-kQY93m86D7vk04LeYQXs-iIfXTsG2RinNCkJD1N9AZgUwYNAx2VTo_26ZxU-OM6PI_XoyKaRcgWhV7AIY9tkNNhVgQnhJ12492;26.8510473;80.9432872;ChIJTYKu0wn9mzkRgExQhEVOVuA;4;5421;"['restaurant' 'point_of_interest' 'food' 'establishment']";"Shahnajaf Road Hazratganj Lucknow"
Lucknow;Lucknow;26.8500;80.9500;India;IN;IND;"Uttar Pradesh";admin;3382000;;"Hot Spoons Catering";https://maps.google.com/maps/contrib/108886250953725850175;"Hot Spoons Catering";AcJnMuHAn0tf5WEAVnR2ZR30-f9m6xWxi2WFb-3M9h7HCAmtbwXpzVlpbEBJFe4jjIfEVeY-3UliA_3r1PK705NAeujEue01jITcXhYD5dbJSmJDOZcyctGB0Z-B2SGd7kKjhwzlxFQU8Yf1ZoctIiYmRShhzuyG1KXe8SN4apHMi7Y-x8wk;26.8501403;80.9504493;ChIJWzWjqlX9mzkRl1814mtwgAA;3.7;66;"['restaurant' 'point_of_interest' 'food' 'establishment']";"Office opp. Trade Tax Building 2 MeeraBai Marg Hazratganj Lucknow"
Lucknow;Lucknow;26.8500;80.9500;India;IN;IND;"Uttar Pradesh";admin;3382000;;"Bhawani Foods";https://maps.google.com/maps/contrib/113250323151100531806;"Bhawani Foods";AcJnMuElZBrciYtx0zeSrgZNqGw3XGxBcmC00IwI-_Nk0V5r7d4Hheaqug5Un3ZUqV_0xcP_-VRtOC7sirQ0MIM-MoTqVph0Fr4knNeRwIEeDv9xe_1ZU4VaJ36dlxRlyqLh1RuHA18U6Bp5HT6si-7cZyVwTLHaCsWGiidtVVPK_xP69JPE;26.8514371;80.94859319999999;ChIJhaqqqg79mzkRPcH-zpdQThU;4.5;12;"['cafe' 'restaurant' 'point_of_interest' 'food' 'establishment']";"15 Ashok MargSBI BuildingNear--Shakti Bhawan Opp--CitiBank Lucknow"
Lucknow;Lucknow;26.8500;80.9500;India;IN;IND;"Uttar Pradesh";admin;3382000;;"High Point";https://maps.google.com/maps/contrib/104262344285597125354;"Thefood Loverzzz";AcJnMuFbxjVFkDLZdIbt5aohwodqNRf5484FhYV9HuOvUHJU_sK0Q5jOTlxyhJx1yCRVn8jwPImtkUsSOQkHVBafcweA-axdUyESdiDWCjcYbT_0kakAbfnz0AadmLMI5tBiTHlNVKFFXE_sr_sidka-Q710KMds3EG6UG4KWCo9zkTjlkP3;26.8529276;80.9487434;ChIJN7jtsQ79mzkRw3PeoaokXAc;4.3;49;"['restaurant' 'point_of_interest' 'food' 'establishment']";"3 Sapru Marg Prem Nagar Hazratganj Lucknow"
